"Code","Q Avg","Q Min","Q Max","Q % Zeros","Q % below 70%","P Avg","P Min","P Max","P % Zeros","P % below 70%","PRE Avg","PRE Min","PRE Max","PRE % Zeros","PRE % below 70%","L Avg","L Min","L Max","L % Zeros","L % below 70%","R Avg","R Min","R Max","R % Zeros","R % below 70%","OLE Avg","OLE Min","OLE Max","Exam Avg","Exam Min","Exam Max","Male","Female","CS Major","ECE major","Standing","Math Class","415 Final Grade","Q Diff","P Diff","L Diff","R Diff","Took 416","416 Grade","Took 515","515 Grade","Took 520","520 Grade","Graduated with CS Degree","Semester"
389,0.93,0.80,1.00,0.00,0.00,0.95,0.75,1.00,0.00,0.00,1.00,1.00,1.00,0.00,0.00,1.00,1.00,1.00,0.00,0.00,0.88,0.00,1.00,0.08,0.17,0.95,0.91,1.00,0.96,0.93,0.99,1.00,0.00,1.00,0.00,0.00,3.00,0.94,0.01,-0.06,0.00,-0.08,1.00,4.00,1.00,4.00,1.00,4.00,1.00,0
35,0.82,0.69,0.91,0.00,0.10,0.95,0.86,1.00,0.00,0.00,0.97,0.75,1.00,0.00,0.00,0.97,0.65,1.00,0.00,0.08,0.96,0.71,1.00,0.00,0.00,0.54,0.42,0.65,0.83,0.81,0.86,1.00,0.00,0.00,1.00,0.00,0.00,0.89,0.05,-0.04,0.05,0.09,0.00,-1.00,1.00,3.67,0.00,-1.00,0.00,0
107,0.57,0.37,0.87,0.00,0.80,0.54,0.00,0.93,0.18,0.45,0.56,0.00,1.00,0.25,0.50,0.60,0.00,1.00,0.23,0.54,1.00,1.00,1.00,0.00,0.00,0.44,0.24,0.60,0.52,0.41,0.62,1.00,0.00,1.00,0.00,0.00,2.00,0.57,-0.16,-0.36,-0.17,0.00,0.00,-1.00,0.00,-1.00,0.00,-1.00,0.00,0
205,0.47,0.00,0.81,0.30,0.50,0.24,0.00,0.83,0.64,0.82,0.35,0.00,1.00,0.63,0.63,0.43,0.00,1.00,0.54,0.62,0.44,0.00,1.00,0.50,0.50,0.05,0.00,0.14,0.29,0.00,0.77,1.00,0.00,1.00,0.00,1.00,3.00,0.29,-0.54,-0.45,-0.50,-0.32,1.00,0.67,0.00,-1.00,0.00,-1.00,0.00,0
28,0.58,0.33,0.73,0.00,0.70,0.33,0.00,0.95,0.55,0.73,0.51,0.00,1.00,0.25,0.63,0.46,0.00,1.00,0.46,0.62,0.82,0.00,1.00,0.08,0.25,0.39,0.08,0.69,0.64,0.59,0.68,1.00,0.00,0.00,1.00,0.00,0.00,0.43,0.11,-0.25,-0.24,0.08,0.00,-1.00,0.00,-1.00,0.00,-1.00,0.00,0
365,0.78,0.59,0.91,0.00,0.20,0.00,0.00,0.00,1.00,1.00,0.43,0.00,1.00,0.50,0.50,0.50,0.00,1.00,0.46,0.54,0.58,0.00,1.00,0.33,0.42,0.67,0.49,0.88,0.80,0.78,0.83,1.00,0.00,0.00,0.00,1.00,0.00,0.35,0.04,0.00,-0.36,-0.17,0.00,-1.00,0.00,-1.00,0.00,-1.00,0.00,0
234,0.70,0.53,0.94,0.00,0.70,0.10,0.00,0.70,0.82,0.91,0.39,0.00,1.00,0.50,0.63,0.51,0.00,1.00,0.46,0.54,0.87,0.00,1.00,0.08,0.17,0.40,0.35,0.49,0.75,0.62,0.83,0.00,1.00,0.00,0.00,0.00,0.00,0.39,0.02,-0.05,0.18,0.07,0.00,-1.00,0.00,-1.00,0.00,-1.00,0.00,0
253,0.83,0.77,0.93,0.00,0.00,0.96,0.89,1.00,0.00,0.00,0.82,0.25,1.00,0.00,0.13,1.00,1.00,1.00,0.00,0.00,1.00,1.00,1.00,0.00,0.00,0.71,0.64,0.76,0.88,0.82,0.94,1.00,0.00,0.00,1.00,0.00,0.00,0.92,0.02,-0.06,0.00,0.00,0.00,-1.00,0.00,-1.00,0.00,-1.00,0.00,0
312,0.92,0.78,0.97,0.00,0.00,0.96,0.88,1.00,0.00,0.00,0.92,0.50,1.00,0.00,0.13,0.99,0.85,1.00,0.00,0.00,1.00,1.00,1.00,0.00,0.00,1.00,0.99,1.00,0.96,0.94,0.99,1.00,0.00,0.00,1.00,0.00,0.00,0.96,-0.07,-0.03,0.02,0.00,1.00,4.00,0.00,-1.00,1.00,4.00,1.00,0
351,0.42,0.00,0.77,0.30,0.90,0.40,0.00,1.00,0.55,0.55,0.31,0.00,1.00,0.63,0.75,0.43,0.00,1.00,0.46,0.54,0.37,0.00,1.00,0.58,0.67,0.20,0.00,0.59,0.27,0.00,0.52,1.00,0.00,0.00,0.00,0.00,0.00,0.33,-0.43,-0.73,-0.55,-0.74,0.00,-1.00,0.00,-1.00,0.00,-1.00,0.00,0
213,0.74,0.50,0.94,0.00,0.50,0.44,0.00,0.97,0.45,0.55,0.00,0.00,0.00,1.00,1.00,0.41,0.00,1.00,0.54,0.62,0.42,0.00,1.00,0.58,0.58,0.38,0.18,0.49,0.76,0.71,0.78,1.00,0.00,1.00,0.00,0.00,2.00,0.50,-0.01,-0.02,-0.45,-0.50,0.00,-1.00,0.00,-1.00,0.00,-1.00,0.00,0
297,0.71,0.66,0.81,0.00,0.70,0.68,0.20,1.00,0.00,0.55,0.33,0.00,1.00,0.50,0.75,0.68,0.00,1.00,0.08,0.38,0.83,0.00,1.00,0.08,0.17,0.47,0.24,0.59,0.87,0.82,0.89,0.00,0.00,1.00,0.00,1.00,5.00,0.69,0.00,-0.18,0.04,-0.29,1.00,0.00,0.00,-1.00,0.00,-1.00,0.00,0
12,0.71,0.53,0.88,0.00,0.50,0.62,0.20,1.00,0.00,0.55,0.65,0.00,1.00,0.13,0.50,0.64,0.00,1.00,0.15,0.46,0.89,0.00,1.00,0.08,0.08,0.30,0.20,0.38,0.70,0.56,0.77,1.00,0.00,1.00,0.00,0.00,2.00,0.64,-0.04,-0.09,-0.04,-0.21,0.00,-1.00,0.00,-1.00,0.00,-1.00,0.00,0
58,0.58,0.40,0.74,0.00,0.70,0.49,0.00,1.00,0.09,0.55,0.76,0.00,1.00,0.13,0.25,0.51,0.00,1.00,0.15,0.62,0.92,0.00,1.00,0.08,0.08,0.29,0.18,0.38,0.55,0.38,0.70,0.00,1.00,1.00,0.00,0.00,2.00,0.52,-0.09,-0.52,-0.11,0.17,0.00,-1.00,0.00,-1.00,0.00,-1.00,0.00,0
304,0.92,0.84,1.00,0.00,0.00,0.89,0.00,1.00,0.09,0.09,0.58,0.00,1.00,0.38,0.50,0.99,0.91,1.00,0.00,0.00,0.97,0.83,1.00,0.00,0.00,0.94,0.85,0.99,0.88,0.79,0.97,1.00,0.00,1.00,0.00,0.00,3.00,0.92,-0.05,0.16,-0.02,-0.05,1.00,3.00,1.00,4.00,1.00,2.67,1.00,0
54,0.37,0.00,0.75,0.40,0.70,0.50,0.00,1.00,0.45,0.55,0.00,0.00,0.00,1.00,1.00,0.21,0.00,1.00,0.77,0.77,0.17,0.00,1.00,0.83,0.83,0.30,0.00,0.51,0.65,0.48,0.83,1.00,0.00,1.00,0.00,4.00,0.00,0.42,0.34,-0.23,0.15,0.00,0.00,-1.00,0.00,-1.00,0.00,-1.00,0.00,0
360,0.90,0.72,1.00,0.00,0.00,0.61,0.00,0.95,0.27,0.36,0.47,0.00,1.00,0.50,0.50,0.77,0.00,1.00,0.15,0.23,0.74,0.00,1.00,0.25,0.25,0.88,0.80,0.98,0.91,0.85,0.95,1.00,0.00,1.00,0.00,0.00,4.00,0.71,-0.06,0.05,0.31,0.19,1.00,2.67,1.00,2.00,1.00,0.67,0.00,0
344,0.80,0.50,0.97,0.00,0.10,0.80,0.00,1.00,0.09,0.09,0.61,0.00,1.00,0.25,0.50,0.90,0.42,1.00,0.00,0.15,0.75,0.00,1.00,0.25,0.25,0.84,0.71,0.95,0.74,0.68,0.78,1.00,0.00,1.00,0.00,0.00,3.00,0.81,-0.10,0.07,0.00,0.17,1.00,0.67,1.00,2.33,0.00,-1.00,1.00,0
215,0.69,0.41,1.00,0.00,0.50,0.43,0.00,1.00,0.18,0.73,0.36,0.00,1.00,0.50,0.63,0.66,0.00,1.00,0.23,0.38,0.58,0.00,1.00,0.42,0.42,0.41,0.21,0.57,0.66,0.49,0.76,1.00,0.00,0.00,1.00,0.00,0.00,0.51,-0.01,-0.42,-0.48,-0.50,1.00,0.00,0.00,-1.00,0.00,-1.00,0.00,0
185,0.88,0.72,1.00,0.00,0.00,0.92,0.80,1.00,0.00,0.00,0.83,0.00,1.00,0.13,0.25,0.94,0.67,1.00,0.00,0.15,0.82,0.00,1.00,0.17,0.17,0.98,0.93,1.00,0.82,0.75,0.92,1.00,0.00,1.00,0.00,0.00,2.00,0.90,-0.07,-0.02,0.01,-0.31,1.00,4.00,1.00,3.67,1.00,4.00,1.00,0
269,0.54,0.00,0.87,0.10,0.60,0.18,0.00,1.00,0.82,0.82,0.41,0.00,1.00,0.50,0.63,0.17,0.00,1.00,0.69,0.92,0.55,0.00,1.00,0.25,0.67,0.07,0.00,0.21,0.34,0.00,0.77,0.00,0.00,0.00,1.00,0.00,0.00,0.26,-0.40,-0.33,-0.31,-0.58,0.00,-1.00,0.00,-1.00,0.00,-1.00,0.00,0
191,0.61,0.38,0.87,0.00,0.80,0.41,0.00,0.99,0.36,0.73,0.43,0.00,1.00,0.38,0.75,0.48,0.00,1.00,0.46,0.54,0.90,0.00,1.00,0.08,0.08,0.23,0.08,0.45,0.67,0.57,0.80,1.00,0.00,1.00,0.00,0.00,2.00,0.48,-0.17,-0.62,-0.27,0.21,0.00,-1.00,0.00,-1.00,0.00,-1.00,0.00,0
226,0.81,0.56,0.90,0.00,0.10,0.75,0.00,0.98,0.18,0.18,0.57,0.00,1.00,0.25,0.50,0.95,0.75,1.00,0.00,0.00,0.99,0.86,1.00,0.00,0.00,0.88,0.78,0.98,0.91,0.89,0.93,1.00,0.00,1.00,0.00,0.00,2.00,0.81,0.03,-0.39,-0.01,-0.02,1.00,3.67,1.00,3.00,1.00,2.33,1.00,0
67,0.60,0.43,0.73,0.00,0.80,0.57,0.00,0.97,0.18,0.55,0.81,0.25,1.00,0.00,0.25,0.81,0.00,1.00,0.08,0.15,0.97,0.83,1.00,0.00,0.00,0.44,0.19,0.60,0.87,0.85,0.89,1.00,0.00,1.00,0.00,0.00,3.00,0.68,-0.02,0.07,-0.10,-0.06,1.00,2.33,1.00,0.00,0.00,-1.00,0.00,0
327,0.62,0.44,0.90,0.00,0.70,0.73,0.00,1.00,0.09,0.18,0.30,0.00,1.00,0.50,0.88,0.80,0.00,1.00,0.15,0.23,0.75,0.00,1.00,0.17,0.25,0.45,0.27,0.58,0.76,0.72,0.78,1.00,0.00,0.00,1.00,0.00,0.00,0.68,-0.11,-0.15,-0.36,0.34,0.00,-1.00,0.00,-1.00,0.00,-1.00,0.00,0
114,0.17,0.00,0.56,0.60,1.00,0.07,0.00,0.80,0.91,0.91,0.31,0.00,1.00,0.63,0.75,0.31,0.00,1.00,0.69,0.69,0.35,0.00,1.00,0.58,0.67,0.08,0.00,0.25,0.24,0.00,0.72,0.00,0.00,0.00,0.00,0.00,0.00,0.15,-0.34,-0.13,-0.57,-0.71,0.00,-1.00,0.00,-1.00,0.00,-1.00,0.00,0
329,0.64,0.38,0.77,0.00,0.60,0.67,0.00,1.00,0.09,0.27,0.81,0.25,1.00,0.00,0.25,0.76,0.00,1.00,0.15,0.23,0.92,0.50,1.00,0.00,0.08,0.39,0.14,0.65,0.73,0.67,0.77,0.00,0.00,0.00,1.00,0.00,0.00,0.70,0.00,-0.15,-0.11,0.01,0.00,-1.00,0.00,-1.00,0.00,-1.00,0.00,0
106,0.91,0.68,1.00,0.00,0.10,0.94,0.71,1.00,0.00,0.00,0.96,0.75,1.00,0.00,0.00,1.00,1.00,1.00,0.00,0.00,0.99,0.86,1.00,0.00,0.00,0.98,0.95,1.00,0.94,0.90,0.98,1.00,0.00,0.00,1.00,0.00,0.00,0.95,0.06,0.01,0.00,0.02,1.00,3.67,1.00,2.67,0.00,-1.00,1.00,0
94,0.54,0.31,0.78,0.00,0.70,0.63,0.15,0.95,0.00,0.55,0.45,0.11,1.00,0.00,0.75,0.77,0.33,1.00,0.00,0.38,0.97,0.75,1.00,0.00,0.00,0.45,0.24,0.58,0.58,0.49,0.63,0.00,0.00,1.00,0.00,0.00,2.00,0.65,-0.15,-0.06,-0.02,0.01,0.00,-1.00,0.00,-1.00,0.00,-1.00,0.00,0
163,0.52,0.22,0.70,0.00,0.90,0.59,0.00,0.98,0.18,0.45,0.49,0.00,1.00,0.38,0.63,0.78,0.00,1.00,0.15,0.23,0.92,0.67,1.00,0.00,0.08,0.43,0.22,0.56,0.50,0.47,0.54,0.00,0.00,0.00,1.00,0.00,0.00,0.61,-0.06,-0.12,-0.13,0.01,1.00,0.00,0.00,-1.00,0.00,-1.00,0.00,0
57,0.73,0.53,0.91,0.00,0.30,0.89,0.61,1.00,0.00,0.18,0.89,0.61,1.00,0.00,0.13,0.95,0.75,1.00,0.00,0.00,0.57,0.00,1.00,0.33,0.50,0.88,0.76,0.98,0.89,0.81,0.93,1.00,0.00,0.00,1.00,0.00,0.00,0.83,0.13,-0.14,-0.05,-0.67,1.00,1.00,0.00,-1.00,0.00,-1.00,0.00,0
256,0.00,0.00,0.00,1.00,1.00,0.00,0.00,0.00,1.00,1.00,0.00,0.00,0.00,1.00,1.00,0.00,0.00,0.00,1.00,1.00,0.00,0.00,0.00,1.00,1.00,0.00,0.00,0.00,0.00,0.00,0.00,1.00,0.00,0.00,0.00,0.00,0.00,0.00,0.00,0.00,0.00,0.00,0.00,-1.00,0.00,-1.00,0.00,-1.00,0.00,0
118,0.68,0.44,0.91,0.00,0.50,0.79,0.00,1.00,0.09,0.09,0.69,0.00,1.00,0.25,0.25,0.81,0.00,1.00,0.15,0.15,0.74,0.00,1.00,0.25,0.25,0.57,0.54,0.59,0.84,0.75,0.92,1.00,0.00,0.00,1.00,0.00,0.00,0.74,-0.06,-0.24,-0.33,-0.15,0.00,-1.00,0.00,-1.00,0.00,-1.00,0.00,0
268,0.58,0.33,0.81,0.00,0.80,0.38,0.00,0.85,0.27,0.64,0.36,0.00,1.00,0.38,0.75,0.81,0.00,1.00,0.08,0.23,0.90,0.00,1.00,0.08,0.08,0.39,0.18,0.60,0.64,0.51,0.80,1.00,0.00,1.00,0.00,0.00,2.00,0.50,-0.07,-0.61,-0.14,-0.19,0.00,-1.00,0.00,-1.00,0.00,-1.00,0.00,0
153,0.86,0.69,1.00,0.00,0.10,0.96,0.84,1.00,0.00,0.00,0.88,0.50,1.00,0.00,0.25,1.00,1.00,1.00,0.00,0.00,0.83,0.00,1.00,0.17,0.17,0.86,0.80,0.97,0.92,0.88,0.95,0.00,0.00,0.00,0.00,3.00,0.00,0.92,-0.09,-0.03,0.00,0.01,1.00,3.67,0.00,-1.00,0.00,-1.00,0.00,0
315,0.70,0.53,0.87,0.00,0.40,0.83,0.49,1.00,0.00,0.27,0.43,0.00,1.00,0.50,0.63,0.91,0.00,1.00,0.08,0.08,0.92,0.00,1.00,0.08,0.08,0.66,0.42,0.80,0.81,0.78,0.86,1.00,0.00,1.00,0.00,0.00,3.00,0.80,-0.16,-0.04,-0.17,-0.17,1.00,3.33,1.00,2.67,1.00,2.67,1.00,0
203,0.82,0.66,0.97,0.00,0.10,0.98,0.90,1.00,0.00,0.00,0.94,0.75,1.00,0.00,0.00,0.95,0.75,1.00,0.00,0.00,0.96,0.50,1.00,0.00,0.08,0.76,0.68,0.81,0.92,0.87,0.98,1.00,0.00,0.00,1.00,0.00,0.00,0.93,0.07,0.03,-0.03,0.08,1.00,4.00,1.00,3.67,0.00,-1.00,1.00,0
310,0.95,0.83,1.00,0.00,0.00,0.94,0.85,1.00,0.00,0.00,1.00,1.00,1.00,0.00,0.00,0.96,0.77,1.00,0.00,0.00,0.97,0.75,1.00,0.00,0.00,0.95,0.86,1.00,0.95,0.90,0.97,1.00,0.00,0.00,1.00,0.00,0.00,0.95,-0.07,-0.03,-0.05,0.03,1.00,4.00,1.00,3.33,0.00,-1.00,1.00,0
82,0.81,0.63,0.94,0.00,0.20,0.68,0.00,1.00,0.18,0.18,0.84,0.44,1.00,0.00,0.25,0.80,0.00,1.00,0.08,0.23,0.79,0.00,1.00,0.08,0.33,0.74,0.64,0.86,0.89,0.80,0.95,1.00,0.00,0.00,1.00,0.00,0.00,0.76,0.06,0.20,-0.22,-0.16,1.00,0.00,1.00,2.67,0.00,-1.00,1.00,0
393,0.73,0.44,1.00,0.00,0.50,0.75,0.00,1.00,0.18,0.18,0.72,0.00,1.00,0.25,0.25,0.88,0.00,1.00,0.08,0.15,0.90,0.00,1.00,0.08,0.08,0.68,0.58,0.79,0.82,0.59,0.97,1.00,0.00,0.00,0.00,1.00,0.00,0.79,-0.01,0.28,0.22,0.19,0.00,-1.00,0.00,-1.00,0.00,-1.00,0.00,0
32,1.00,0.96,1.00,0.00,0.00,0.87,0.00,1.00,0.09,0.09,0.84,0.00,1.00,0.13,0.13,0.98,0.83,1.00,0.00,0.00,0.90,0.00,1.00,0.08,0.08,0.99,0.96,1.00,0.99,0.97,1.00,1.00,0.00,1.00,0.00,0.00,3.00,0.93,0.01,0.09,-0.02,0.21,1.00,4.00,1.00,3.67,1.00,3.33,1.00,0
165,0.76,0.53,0.94,0.00,0.30,0.89,0.75,1.00,0.00,0.00,0.80,0.00,1.00,0.13,0.25,0.77,0.00,1.00,0.08,0.31,0.98,0.75,1.00,0.00,0.00,0.34,0.23,0.47,0.88,0.83,0.92,0.00,0.00,0.00,0.00,4.00,0.00,0.83,-0.05,0.02,-0.12,0.04,0.00,-1.00,0.00,-1.00,0.00,-1.00,0.00,0
157,0.85,0.63,0.94,0.00,0.10,0.96,0.90,1.00,0.00,0.00,1.00,1.00,1.00,0.00,0.00,0.98,0.86,1.00,0.00,0.00,1.00,1.00,1.00,0.00,0.00,0.59,0.51,0.64,0.87,0.84,0.90,0.00,0.00,1.00,0.00,0.00,3.00,0.92,-0.09,0.01,-0.03,0.00,1.00,3.33,1.00,2.00,0.00,-1.00,0.00,0
164,0.36,0.00,0.67,0.40,1.00,0.00,0.00,0.00,1.00,1.00,0.09,0.00,0.72,0.88,0.88,0.23,0.00,1.00,0.69,0.77,0.17,0.00,1.00,0.83,0.83,0.25,0.10,0.54,0.33,0.00,0.67,1.00,0.00,0.00,0.00,0.00,0.00,0.14,-0.28,0.00,-0.43,-0.33,0.00,-1.00,0.00,-1.00,0.00,-1.00,0.00,0
326,0.56,0.00,0.88,0.20,0.50,0.80,0.00,1.00,0.09,0.09,0.11,0.00,0.67,0.75,1.00,0.49,0.00,1.00,0.46,0.54,0.40,0.00,1.00,0.50,0.67,0.83,0.73,0.92,0.82,0.81,0.84,1.00,0.00,0.00,1.00,0.00,0.00,0.69,-0.16,0.05,-0.29,-0.31,1.00,2.67,1.00,3.00,1.00,3.67,1.00,0
17,0.59,0.40,0.72,0.00,0.90,0.51,0.00,1.00,0.09,0.73,0.53,0.00,1.00,0.38,0.50,0.65,0.00,1.00,0.23,0.38,0.38,0.00,1.00,0.58,0.67,0.36,0.18,0.47,0.56,0.37,0.72,1.00,0.00,0.00,1.00,0.00,0.00,0.51,0.02,-0.20,-0.27,-0.42,0.00,-1.00,0.00,-1.00,0.00,-1.00,0.00,0
178,0.78,0.56,1.00,0.00,0.20,0.77,0.00,1.00,0.09,0.09,0.59,0.00,1.00,0.25,0.50,0.87,0.58,1.00,0.00,0.15,0.83,0.00,1.00,0.08,0.25,0.25,0.14,0.36,0.85,0.81,0.90,0.00,0.00,0.00,1.00,0.00,0.00,0.76,-0.04,0.14,-0.05,0.08,1.00,0.00,0.00,-1.00,0.00,-1.00,0.00,0
233,0.73,0.60,0.90,0.00,0.40,0.36,0.00,1.00,0.55,0.64,0.27,0.00,1.00,0.63,0.75,0.74,0.00,1.00,0.15,0.31,0.90,0.00,1.00,0.08,0.08,0.30,0.06,0.58,0.82,0.81,0.84,1.00,0.00,1.00,0.00,0.00,2.00,0.51,-0.05,-0.66,-0.30,-0.19,0.00,-1.00,0.00,-1.00,0.00,-1.00,0.00,0
217,0.76,0.63,0.84,0.00,0.20,0.85,0.73,1.00,0.00,0.00,0.80,0.50,1.00,0.00,0.25,0.95,0.69,1.00,0.00,0.08,0.96,0.57,1.00,0.00,0.08,0.39,0.27,0.46,0.89,0.86,0.94,1.00,0.00,1.00,0.00,0.00,2.00,0.83,-0.02,-0.08,-0.09,0.07,0.00,-1.00,0.00,-1.00,0.00,-1.00,0.00,0
309,0.82,0.70,0.94,0.00,0.00,0.93,0.72,1.00,0.00,0.00,0.73,0.00,1.00,0.13,0.25,0.95,0.75,1.00,0.00,0.00,0.90,0.00,1.00,0.08,0.08,0.80,0.67,0.88,0.86,0.82,0.91,1.00,0.00,0.00,1.00,0.00,0.00,0.89,-0.03,-0.09,-0.04,-0.14,0.00,-1.00,0.00,-1.00,0.00,-1.00,0.00,0
18,0.70,0.43,0.86,0.00,0.40,0.59,0.00,0.98,0.09,0.36,0.80,0.00,1.00,0.13,0.25,0.73,0.00,1.00,0.08,0.31,0.97,0.83,1.00,0.00,0.00,0.45,0.24,0.78,0.72,0.71,0.75,1.00,0.00,1.00,0.00,0.00,2.00,0.67,-0.12,-0.08,0.06,0.00,1.00,2.00,1.00,1.67,1.00,0.67,1.00,0
376,0.62,0.44,0.87,0.00,0.80,0.85,0.60,0.97,0.00,0.18,0.81,0.50,1.00,0.00,0.25,0.89,0.44,1.00,0.00,0.15,0.96,0.71,1.00,0.00,0.00,0.61,0.49,0.77,0.78,0.74,0.85,1.00,0.00,0.00,1.00,0.00,0.00,0.80,-0.13,-0.15,-0.16,-0.08,0.00,-1.00,0.00,-1.00,0.00,-1.00,0.00,0
249,0.49,0.13,0.77,0.00,0.90,0.57,0.00,1.00,0.27,0.45,0.68,0.00,1.00,0.25,0.38,0.59,0.00,1.00,0.31,0.46,0.83,0.00,1.00,0.08,0.17,0.35,0.12,0.51,0.70,0.60,0.83,1.00,0.00,1.00,0.00,0.00,2.00,0.58,-0.11,-0.13,-0.59,-0.22,0.00,-1.00,0.00,-1.00,0.00,-1.00,0.00,0
221,0.79,0.63,0.94,0.00,0.20,0.92,0.72,1.00,0.00,0.00,0.82,0.00,1.00,0.13,0.13,0.94,0.58,1.00,0.00,0.08,0.99,0.86,1.00,0.00,0.00,0.95,0.93,0.98,0.89,0.83,0.94,0.00,1.00,0.00,0.00,0.00,3.00,0.91,0.09,-0.06,-0.01,0.02,0.00,-1.00,0.00,-1.00,0.00,-1.00,0.00,0
3,0.85,0.70,0.94,0.00,0.00,0.86,0.75,1.00,0.00,0.00,0.70,0.25,1.00,0.00,0.25,0.85,0.00,1.00,0.15,0.15,0.92,0.00,1.00,0.08,0.08,0.99,0.98,1.00,0.90,0.87,0.96,1.00,0.00,1.00,0.00,0.00,3.00,0.88,0.06,-0.04,0.29,0.17,1.00,3.67,1.00,3.00,0.00,-1.00,1.00,0
146,0.74,0.59,0.91,0.00,0.20,0.76,0.40,0.98,0.00,0.36,0.40,0.00,1.00,0.38,0.63,0.78,0.00,1.00,0.15,0.23,0.75,0.00,1.00,0.25,0.25,0.46,0.46,0.47,0.80,0.76,0.85,1.00,0.00,1.00,0.00,0.00,2.00,0.75,-0.05,0.09,-0.47,0.17,1.00,2.33,1.00,1.00,0.00,-1.00,0.00,0
140,0.56,0.44,0.88,0.00,0.70,0.86,0.65,1.00,0.00,0.09,0.38,0.00,1.00,0.38,0.75,0.81,0.00,1.00,0.08,0.23,0.50,0.00,1.00,0.50,0.50,0.34,0.13,0.57,0.70,0.59,0.77,1.00,0.00,1.00,0.00,1.00,2.00,0.71,-0.12,0.00,-0.02,-0.33,1.00,1.67,0.00,-1.00,0.00,-1.00,0.00,0
51,0.62,0.37,0.88,0.00,0.70,0.67,0.00,0.87,0.09,0.27,0.56,0.00,1.00,0.25,0.50,0.80,0.00,1.00,0.08,0.23,0.43,0.00,1.00,0.50,0.58,0.33,0.10,0.56,0.76,0.65,0.86,1.00,0.00,0.00,0.00,0.00,0.00,0.63,0.13,0.16,-0.17,-0.20,0.00,-1.00,0.00,-1.00,0.00,-1.00,0.00,0
289,0.46,0.00,0.75,0.20,0.80,0.41,0.00,1.00,0.45,0.64,0.34,0.00,1.00,0.63,0.63,0.54,0.00,1.00,0.38,0.46,0.71,0.00,1.00,0.25,0.25,0.20,0.00,0.49,0.32,0.00,0.63,0.00,0.00,1.00,0.00,0.00,2.00,0.40,-0.24,-0.75,-0.69,-0.46,0.00,-1.00,0.00,-1.00,0.00,-1.00,0.00,0
377,0.90,0.75,1.00,0.00,0.00,0.92,0.74,1.00,0.00,0.00,0.28,0.00,1.00,0.63,0.75,0.87,0.00,1.00,0.08,0.08,0.92,0.00,1.00,0.08,0.08,0.94,0.84,1.00,0.86,0.73,0.96,1.00,0.00,0.00,1.00,0.00,0.00,0.89,-0.09,-0.05,-0.10,0.17,1.00,3.33,1.00,2.67,0.00,-1.00,0.00,0
238,0.93,0.77,1.00,0.00,0.00,0.97,0.88,1.00,0.00,0.00,0.89,0.50,1.00,0.00,0.25,0.87,0.00,1.00,0.08,0.15,1.00,1.00,1.00,0.00,0.00,1.00,0.99,1.00,0.97,0.97,0.98,1.00,0.00,0.00,1.00,0.00,0.00,0.96,0.10,-0.01,0.20,0.00,1.00,4.00,1.00,3.33,0.00,-1.00,1.00,0
207,0.86,0.69,1.00,0.00,0.10,0.87,0.64,1.00,0.00,0.09,0.45,0.00,1.00,0.50,0.50,0.99,0.91,1.00,0.00,0.00,0.92,0.00,1.00,0.08,0.08,0.88,0.69,1.00,0.89,0.85,0.92,1.00,0.00,1.00,0.00,0.00,4.00,0.87,0.03,-0.11,-0.02,0.17,1.00,2.00,1.00,2.33,1.00,0.00,0.00,0
241,0.90,0.66,1.00,0.00,0.10,0.99,0.96,1.00,0.00,0.00,0.97,0.78,1.00,0.00,0.00,0.98,0.73,1.00,0.00,0.00,1.00,1.00,1.00,0.00,0.00,1.00,0.99,1.00,0.99,0.97,1.00,0.00,0.00,0.00,1.00,0.00,0.00,0.98,-0.08,-0.01,-0.05,0.00,1.00,4.00,0.00,-1.00,0.00,-1.00,0.00,0
182,0.705682894,0,0.916666667,0.1,0.3,0.267272727,0,1,0.727272727,0.727272727,0,0,0,1,1,0.363636364,0,1,0.636363636,0.636363636,0.666666667,0,1,0.333333333,0.333333333,0.73,0.51,0.95,0.27,0,0.54,1,0,0,0,1,0,0.413056332,-0.078032454,-0.49,-0.363636364,-0.3,1,0,0,-1,0,-1,0,1
112,0.772714249,0.466666667,0.9375,0,0.3,0.974545455,0.93,1,0,0,0.725,0.6,1,0,0.5,0.920454545,0,1,0.045454545,0.045454545,0.888888889,0,1,0.111111111,0.111111111,0.98,0.96,1,0.635,0.52,0.75,0,0,1,0,0,3,0.915471691,0.106042089,-0.015666667,0.107575758,0.2,0,-1,0,-1,0,-1,0,1
383,0.660213123,0,0.966666667,0.2,0.2,0.609090909,0,1,0.363636364,0.363636364,0.2,0,0.8,0.75,0.75,0.7875,0,1,0.181818182,0.227272727,0.777777778,0,1,0.222222222,0.222222222,0.49,0,0.98,0.235,0,0.47,1,0,1,0,1,3,0.620684927,-0.320834742,-0.757333333,-0.425,-0.5,1,3,1,1.33,0,-1,0,1
98,0.71357984,0.586206897,0.84375,0,0.3,0.831818182,0.49,1,0,0.181818182,0.75,0.4,1,0,0.25,0.898030303,0,1,0.045454545,0.090909091,0.888888889,0,1,0.111111111,0.111111111,0.545,0.32,0.77,0.52,0.46,0.58,1,0,1,0,0,2,0.796457423,-0.049136804,-0.190333333,0.016060606,0.2,0,-1,0,-1,0,-1,0,1
343,0.687786089,0.46875,0.875,0,0.5,0.632727273,0,0.98,0.181818182,0.363636364,0.35,0,0.9,0.5,0.75,0.832575758,0,1,0.136363636,0.181818182,0.666666667,0,1,0.333333333,0.333333333,0.535,0.44,0.63,0.505,0.31,0.7,1,0,0,1,0,0,0.663764251,-0.019689824,-0.569666667,-0.125757576,0.15,1,2,1,2,0,-1,0,1
209,0.616136466,0.441176471,0.794117647,0,0.8,0.690909091,0,1,0.090909091,0.363636364,0.45,0,1,0.5,0.5,0.836893939,0,1,0.090909091,0.181818182,1,1,1,0,0,0.405,0.35,0.46,0.495,0.41,0.58,0,0,0,0,2,0,0.688974588,-0.006210841,-0.405,0.051969697,0,0,-1,0,-1,0,-1,0,1
328,0.720657821,0,0.970588235,0.1,0.3,0.585454545,0,1,0.181818182,0.363636364,0,0,0,1,1,0.843636364,0,1,0.136363636,0.181818182,0.777777778,0,1,0.222222222,0.222222222,0.96,0.92,1,0.335,0,0.67,0,1,1,0,1,4,0.654847322,0.151985012,-0.717666667,-0.123636364,0.4,0,-1,0,-1,0,-1,1,1
299,0.790606406,0,0.972222222,0.1,0.1,0.737272727,0,1,0.090909091,0.272727273,0.5,0,0.9,0.25,0.75,0.859469697,0,1,0.090909091,0.090909091,0.777777778,0,1,0.222222222,0.222222222,0.96,0.92,1,0.585,0.47,0.7,1,0,1,0,0,3,0.780337377,0.184473462,-0.471666667,-0.178030303,-0.05,1,2,1,2,1,2,0,1
172,0.816211686,0.655172414,0.941176471,0,0.1,0.598181818,0,1,0.181818182,0.454545455,0.625,0,1,0.25,0.5,0.928409091,0.6,1,0,0.045454545,0.444444444,0,1,0.555555556,0.555555556,0.965,0.95,0.98,0.57,0.49,0.65,1,0,0,1,0,0,0.716172008,0.048540681,-0.458666667,-0.034090909,-0.35,1,0,0,-1,0,-1,0,1
135,0.255329192,0,0.896551724,0.6,0.9,0.531818182,0,1,0.363636364,0.454545455,0,0,0,1,1,0.822348485,0,1,0.136363636,0.181818182,0.666666667,0,1,0.333333333,0.333333333,0.475,0,0.95,0.205,0,0.41,1,0,1,0,0,2,0.502186352,-0.298158384,-0.817333333,-0.128030303,-0.3,0,-1,0,-1,0,-1,0,1
337,0.159411765,0,0.8,0.8,0.8,0.181818182,0,1,0.818181818,0.818181818,0,0,0,1,1,0.278787879,0,1,0.681818182,0.727272727,0.222222222,0,1,0.777777778,0.777777778,0,0,0,0,0,0,1,0,0,0,0,0,0.166203081,-0.318823529,-0.333333333,-0.375757576,-0.4,1,0,0,-1,0,-1,0,1
396,0.636371563,0.444444444,0.764705882,0,0.8,0.916363636,0.76,1,0,0,0.8,0.3,1,0,0.25,0.918181818,0.5,1,0,0.090909091,1,1,1,0,0,0.695,0.47,0.92,0.525,0.4,0.65,1,0,0,1,0,0,0.841154776,-0.095373845,-0.03,-0.072727273,0,1,1.67,1,1.67,0,-1,0,1
15,0.677383931,0.294117647,0.896551724,0,0.4,0.353636364,0,1,0.454545455,0.636363636,0.175,0,0.7,0.75,0.75,0.527348485,0,1,0.318181818,0.545454545,0.888888889,0,1,0.111111111,0.111111111,0.405,0.4,0.41,0.55,0.47,0.63,1,0,0,0,1,0,0.487374351,-0.270127338,-0.564,-0.347121212,-0.25,0,-1,0,-1,0,-1,0,1
170,0.308088235,0,0.875,0.6,0.6,0.344545455,0,1,0.545454545,0.636363636,0.075,0,0.3,0.75,1,0.474242424,0,1,0.454545455,0.545454545,0.222222222,0,1,0.777777778,0.777777778,0.365,0,0.73,0.195,0,0.39,1,0,1,0,1,4,0.345089435,-0.616176471,-0.631666667,-0.593939394,-0.4,0,-1,0,-1,0,-1,1,1
188,0.853773383,0.722222222,1,0,0,0.931818182,0.72,1,0,0,0.8625,0.75,1,0,0,0.989015152,0.85,1,0,0,1,1,1,0,0,0.85,0.81,0.89,0.625,0.58,0.67,1,0,1,0,0,4,0.919781302,-0.002318008,-0.069333333,-0.021969697,0,1,3,1,3,1,3,0,1
354,0.938815359,0.75,1.03125,0,0,0.862727273,0.24,1,0,0.181818182,0.8375,0.6,1,0,0.25,0.927121212,0.4,1,0,0.090909091,0.888888889,0,1,0.111111111,0.111111111,1,1,1,0.685,0.58,0.79,1,0,0,0,2,0,0.901737892,-0.094869281,-0.074666667,-0.078484848,-0.25,0,-1,0,-1,0,-1,0,1
156,0.616360012,0.444444444,1,0,0.8,0.430909091,0,0.98,0.363636364,0.636363636,0.2875,0,0.75,0.5,0.75,0.745075758,0,1,0.045454545,0.363636364,1,1,1,0,0,0.435,0.26,0.61,0.385,0.35,0.42,1,0,1,0,0,2,0.54117852,-0.128716757,-0.735,-0.437121212,0,0,-1,0,-1,0,-1,0,1
197,0.831399453,0.666666667,0.970588235,0,0.2,0.888181818,0.69,1,0,0.090909091,0.75,0.5,1,0,0.25,0.96219697,0.833333333,1,0,0,1,1,1,0,0,0.965,0.95,0.98,0.655,0.57,0.74,1,0,0,1,0,0,0.897874081,0.027070374,-0.059,-0.059242424,0,1,2.33,1,1.67,0,-1,0,1
101,0.352322938,0,0.666666667,0.1,1,0.586363636,0,1,0.090909091,0.363636364,0.275,0,0.6,0.5,1,0.905681818,0.166666667,1,0,0.090909091,0.888888889,0,1,0.111111111,0.111111111,0.1,0,0.2,0.26,0.2,0.32,1,0,0,1,1,0,0.553457084,-0.318371366,-0.671666667,-0.134090909,0.2,0,-1,0,-1,0,-1,0,1
13,0.402856801,0.205882353,0.586206897,0,1,0.473636364,0,1,0.363636364,0.545454545,0.475,0,0.8,0.25,0.75,0.763409091,0,1,0.136363636,0.272727273,0.555555556,0,1,0.444444444,0.444444444,0.185,0.02,0.35,0.215,0,0.43,1,0,0,1,0,0,0.481256174,-0.25220053,-0.795,-0.019242424,-0.1,0,-1,0,-1,0,-1,0,1
340,0.580244675,0.352941176,0.764705882,0,0.6,0.697272727,0,1,0.090909091,0.272727273,0.7625,0.6,0.9,0,0.25,0.920454545,0.4,1,0,0.090909091,1,1,1,0,0,0.325,0.15,0.5,0.445,0.39,0.5,1,0,0,0,0,0,0.695991629,-0.121763861,-0.468,0.068181818,0,1,1.33,1,1,0,-1,0,1
245,0.706184218,0.53125,0.911764706,0,0.5,0.9,0.65,1,0,0.090909091,0.875,0.7,1,0,0,0.841666667,0,1,0.045454545,0.136363636,1,1,1,0,0,0.475,0.43,0.52,0.565,0.48,0.65,1,0,0,1,0,0,0.826689249,-0.076992619,-0.102666667,-0.040909091,0,1,1.33,1,1.33,0,-1,0,1
184,0.772592827,0.46875,0.970588235,0,0.2,0.809090909,0.21,1,0,0.181818182,0.95,0.9,1,0,0,0.916439394,0.333333333,1,0,0.090909091,1,1,1,0,0,0.45,0.42,0.48,0.56,0.53,0.59,1,0,1,0,0,5,0.806767931,-0.168796766,-0.335666667,0.014090909,0,0,-1,0,-1,0,-1,0,1
44,0.490267495,0.222222222,0.676470588,0,1,0.787272727,0.39,1,0,0.363636364,0.55,0,1,0.25,0.75,0.912878788,0.5,1,0,0.090909091,1,1,1,0,0,0.45,0.44,0.46,0.43,0.29,0.57,1,0,1,0,0,2,0.721910508,-0.165829108,-0.094,0.043939394,0,0,-1,0,-1,0,-1,0,1
138,0.928398129,0.805555556,1,0,0,0.966363636,0.92,1,0,0,0.925,0.8,1,0,0,0.982575758,0.75,1,0,0,1,1,1,0,0,1,1,1,0.63,0.56,0.7,0,0,0,0,2,0,0.959923506,-0.015047893,-0.015333333,-0.025757576,0,0,-1,0,-1,0,-1,0,1
332,0.669524031,0.527777778,0.823529412,0,0.6,0.688181818,0,1,0.090909091,0.363636364,0.55,0,0.9,0.25,0.5,0.853787879,0,1,0.045454545,0.136363636,0.888888889,0,1,0.111111111,0.111111111,0.45,0.05,0.85,0.425,0.36,0.49,1,0,1,0,0,2,0.69571584,-0.126139565,-0.488,-0.137878788,-0.25,0,-1,0,-1,0,-1,0,1
59,0.826206897,0.7,0.941176471,0,0,0.9,0.68,1,0,0.090909091,0.725,0,1,0.25,0.25,0.978409091,0.75,1,0,0,0.555555556,0,1,0.444444444,0.444444444,0.875,0.75,1,0.64,0.54,0.74,1,0,0,1,0,0,0.877015917,0.073566599,0.011,-0.043181818,-1,1,0.67,1,0,0,-1,0,1
71,0.070588235,0,0.705882353,0.9,0.9,0.159090909,0,1,0.818181818,0.818181818,0,0,0,1,1,0.225,0,1,0.772727273,0.772727273,0.222222222,0,1,0.777777778,0.777777778,0,0,0,0,0,0,1,0,0,0,0,0,0.131510937,-0.141176471,-0.291666667,-0.277272727,-0.4,0,-1,0,-1,0,-1,1,1
373,0.932188979,0.794117647,1,0,0,0.958181818,0.85,1,0,0,0.9,0.6,1,0,0.25,0.95719697,0.775,1,0,0,1,1,1,0,0,0.99,0.98,1,0.69,0.57,0.81,1,0,1,0,0,3,0.956568049,0.090524003,0.007,-0.037121212,0,1,4,1,3,1,2,0,1
116,0.318824375,0.117647059,0.617647059,0,1,0.424545455,0,0.96,0.363636364,0.636363636,0.35,0,0.8,0.5,0.75,0.75530303,0,1,0.045454545,0.363636364,0.444444444,0,1,0.555555556,0.555555556,0.09,0,0.18,0.2,0.08,0.32,1,0,0,0,0,0,0.42473976,-0.273433063,-0.723333333,0.013636364,0.1,0,-1,0,-1,0,-1,1,1
284,0.906262959,0.766666667,1,0,0,0.941818182,0.84,1,0,0,0.475,0,1,0.5,0.5,0.950757576,0.6,1,0,0.045454545,0.666666667,0,1,0.333333333,0.333333333,1,1,1,0.675,0.58,0.77,1,0,1,0,0,3,0.917595024,0.047441402,-0.080333333,-0.071212121,-0.3,1,3,1,3,1,2,0,1
350,0.728311922,0.555555556,0.972222222,0,0.5,0.743636364,0.3,1,0,0.363636364,0.2,0,0.7,0.5,0.75,0.908712121,0.1,1,0,0.090909091,1,1,1,0,0,0.43,0.38,0.48,0.515,0.41,0.62,1,0,1,0,0,2,0.74197599,0.02654609,-0.267,0.017424242,0,1,0,0,-1,0,-1,0,1
150,0.281399594,0,0.655172414,0.5,1,0.171818182,0,1,0.818181818,0.818181818,0.175,0,0.7,0.75,0.75,0.403030303,0,1,0.5,0.636363636,0,0,0,1,1,0.09,0,0.18,0.185,0,0.37,1,0,0,0,0,0,0.221254733,-0.562799189,-0.315,-0.548484848,0,0,-1,0,-1,0,-1,1,1
93,0.884881536,0,1,0.1,0.1,0.991818182,0.95,1,0,0,0.75,0,1,0.25,0.25,1,1,1,0,0,1,1,1,0,0,1,1,1,0.695,0.58,0.81,1,0,1,0,0,3,0.967945917,-0.216903595,0.015,0,0,1,4,1,4,1,3.33,0,1
361,0.694666864,0,0.911764706,0.1,0.3,0.457272727,0,1,0.272727273,0.636363636,0.35,0,0.8,0.5,0.75,0.908712121,0.375,1,0,0.181818182,0.777777778,0,1,0.222222222,0.222222222,0.96,0.92,1,0.585,0.48,0.69,1,0,1,0,0,3,0.633340875,-0.074219349,-0.596333333,-0.182575758,-0.5,0,-1,0,-1,0,-1,0,1
387,0.553891988,0.176470588,0.78125,0,0.7,0.678181818,0,1,0.090909091,0.272727273,0.75,0.5,1,0,0.5,0.916060606,0.6,1,0,0.090909091,0.777777778,0,1,0.222222222,0.222222222,0.485,0.4,0.57,0.405,0.36,0.45,1,0,1,0,0,2,0.6791846,-0.308029074,-0.477,-0.08969697,0.4,0,-1,0,-1,0,-1,0,1
2,0.154379085,0,0.588235294,0.7,1,0.38,0,0.99,0.545454545,0.545454545,0.375,0,0.8,0.5,0.5,0.427272727,0,1,0.5,0.590909091,0.333333333,0,1,0.666666667,0.666666667,0.215,0,0.43,0.19,0,0.38,1,0,1,0,0,2,0.329533526,-0.153202614,-0.374,-0.536363636,-0.6,0,-1,0,-1,0,-1,0,1
179,0.488586601,0,0.866666667,0.3,0.6,0.937272727,0.85,1,0,0,0.8375,0.75,1,0,0,0.914772727,0.125,1,0,0.090909091,1,1,1,0,0,0.875,0.75,1,0.595,0.43,0.76,0,0,0,0,1,0,0.84234356,-0.150375817,-0.042666667,-0.052272727,0,1,2.67,1,0,0,-1,0,1
111,0.787524651,0.666666667,0.875,0,0.1,0.917272727,0.8,1,0,0,0.6,0,1,0.25,0.5,0.938333333,0.6,1,0,0.090909091,1,1,1,0,0,0.855,0.71,1,0.525,0.39,0.66,1,0,1,0,0,3,0.87701646,0.027483378,-0.042666667,-0.116060606,0,1,3,1,1,1,0,0,1
189,0.802895256,0.689655172,0.882352941,0,0.1,0.550909091,0,1,0.272727273,0.545454545,0.5,0,0.9,0.25,0.5,0.471060606,0,1,0.454545455,0.545454545,0.888888889,0,1,0.111111111,0.111111111,0.645,0.55,0.74,0.6,0.49,0.71,1,0,0,0,0,0,0.623082278,0.00654609,-0.705666667,-0.054242424,-0.25,0,-1,0,-1,0,-1,1,1
278,0.880524144,0.75,0.944444444,0,0,0.945454545,0.83,1,0,0,0.65,0.2,1,0,0.5,0.937121212,0,1,0.045454545,0.045454545,0.888888889,0,1,0.111111111,0.111111111,1,1,1,0.66,0.55,0.77,1,0,0,0,1,0,0.925290515,0.007905961,-0.043,-0.089393939,-0.25,1,2.67,1,3,1,2.67,0,1
368,0.572227011,0.352941176,0.793103448,0,0.8,0.377272727,0,1,0.545454545,0.636363636,0.25,0,0.8,0.5,0.75,0.531818182,0,1,0.318181818,0.5,0.888888889,0,1,0.111111111,0.111111111,0,0,0,0.2,0,0.4,1,0,0,0,0,0,0.422277805,-0.16234618,-0.691666667,-0.575757576,0.2,0,-1,0,-1,0,-1,0,1
282,0.696228448,0.5,0.931034483,0,0.6,0.961818182,0.9,1,0,0,0.85,0.6,1,0,0.25,0.928030303,0.375,1,0,0.090909091,1,1,1,0,0,0.685,0.57,0.8,0.59,0.48,0.7,0,1,1,0,0,2,0.88180717,-0.198339249,0.007666667,-0.125757576,0,0,-1,0,-1,0,-1,0,1
8,0.707129536,0,1,0.1,0.2,0.744545455,0.07,1,0,0.363636364,0.55,0.1,1,0,0.75,0.820833333,0,1,0.090909091,0.181818182,0.333333333,0,1,0.666666667,0.666666667,0.945,0.9,0.99,0.565,0.46,0.67,1,0,1,0,0,2,0.741686264,0.116704981,-0.345666667,-0.285606061,-0.6,1,1.67,1,1.33,0,-1,0,1
122,0.700000704,0.5,0.90625,0,0.5,0.729090909,0,1,0.090909091,0.272727273,0.7,0.3,1,0,0.5,0.9375,0.6,1,0,0.045454545,1,1,1,0,0,0.645,0.59,0.7,0.485,0.47,0.5,1,0,1,0,0,2,0.758422968,-0.275818402,-0.563,-0.097727273,0,0,-1,0,-1,0,-1,0,1
288,0.608666188,0.375,0.733333333,0,0.7,0.941818182,0.76,1,0,0,0.75,0.6,1,0,0.5,0.970075758,0.8,1,0,0,0.777777778,0,1,0.222222222,0.222222222,0.57,0.43,0.71,0.435,0.4,0.47,1,0,1,0,0,2,0.830713218,-0.037267016,0.018666667,-0.014393939,-0.5,0,-1,0,-1,0,-1,0,1
320,0.796045329,0.694444444,0.882352941,0,0.1,0.958181818,0.88,1,0,0,0.85,0.6,1,0,0.25,0.9375,0.6,1,0,0.045454545,1,1,1,0,0,0.55,0.52,0.58,0.545,0.45,0.64,1,0,0,0,3,0,0.886841732,-0.042172357,-0.040666667,0.002272727,0,0,-1,0,-1,0,-1,0,1
275,0.296909652,0,0.65625,0.5,1,0,0,0,1,1,0,0,0,1,1,0.350454545,0,1,0.454545455,0.681818182,0.222222222,0,1,0.777777778,0.777777778,0.325,0,0.65,0.145,0,0.29,1,0,1,0,0,2,0.150974914,-0.593819304,0,-0.616060606,-0.4,0,-1,0,-1,0,-1,1,1
177,0.984142157,0.933333333,1,0,0,0.999090909,0.99,1,0,0,0.925,0.8,1,0,0,1,1,1,0,0,1,1,1,0,0,1,1,1,0.71,0.6,0.82,1,0,1,0,0,4,0.994916304,0.01995098,-0.002,0,0,1,4,1,4,1,4,0,1
63,0.788289666,0.666666667,0.970588235,0,0.2,0.905454545,0.62,1,0,0.090909091,0.875,0.7,1,0,0,0.900757576,0.416666667,1,0,0.045454545,0.888888889,0,1,0.111111111,0.111111111,0.675,0.6,0.75,0.625,0.48,0.77,0,0,0,1,3,0,0.865186351,0.065495831,-0.050333333,-0.062121212,0.2,0,-1,0,-1,0,-1,1,1
25,0.916163089,0.705882353,1,0,0,0.865454545,0,1,0.090909091,0.090909091,0.6125,0,0.9,0.25,0.25,0.928030303,0,1,0.045454545,0.045454545,0.666666667,0,1,0.333333333,0.333333333,1,1,1,0.635,0.5,0.77,1,0,1,0,0,3,0.878668904,-0.009940557,-0.222666667,0.11969697,-0.3,1,4,1,2.67,1,2,0,1
363,0.185098039,0,0.8,0.7,0.9,0.315454545,0,1,0.545454545,0.727272727,0,0,0,1,1,0.181818182,0,1,0.818181818,0.818181818,0.111111111,0,1,0.888888889,0.888888889,0.325,0,0.65,0,0,0,1,0,1,0,1,4,0.236117029,-0.370196078,-0.578333333,-0.363636364,-0.2,0,-1,0,-1,0,-1,1,1
267,0.927279412,0.805555556,1,0,0,0.943636364,0.84,1,0,0,0.875,0.7,1,0,0,0.930681818,0,1,0.045454545,0.045454545,1,1,1,0,0,1,1,1,0.65,0.54,0.76,1,0,1,0,0,5,0.941356331,-0.059215686,-0.028666667,0.097727273,0,1,4,1,4,1,4,0,1
194,0.880724307,0.764705882,1,0,0,0.956363636,0.89,1,0,0,0.975,0.9,1,0,0,0.934848485,0.4,1,0,0.045454545,1,1,1,0,0,1,1,1,0.67,0.56,0.78,1,0,0,1,0,0,0.943906236,0.056198445,-0.008,-0.039393939,0,0,-1,1,3.67,0,-1,0,1
92,0.708458559,0.413793103,0.96875,0,0.5,0.864545455,0.44,1,0,0.090909091,0.75,0.6,1,0,0.5,0.828030303,0,1,0.090909091,0.181818182,0.888888889,0,1,0.111111111,0.111111111,0.975,0.95,1,0.51,0.38,0.64,1,0,0,1,1,0,0.826455263,0.038801837,-0.136666667,0.310606061,-0.25,1,1,1,0,0,-1,0,1
83,0.8169667,0,1,0.1,0.1,0.651818182,0,1,0.272727273,0.272727273,0.825,0.6,1,0,0.25,0.957575758,0.533333333,1,0,0.045454545,0.666666667,0,1,0.333333333,0.333333333,0.91,0.82,1,0.655,0.53,0.78,1,0,1,0,1,2,0.764625631,-0.183933401,-0.249,-0.057575758,-0.3,0,-1,0,-1,0,-1,1,1
286,0.865727828,0.793103448,1,0,0,0.850909091,0,1,0.090909091,0.181818182,0.5,0,0.9,0.25,0.75,0.875530303,0,1,0.090909091,0.090909091,0.888888889,0,1,0.111111111,0.111111111,0.99,0.98,1,0.61,0.52,0.7,1,0,0,0,2,0,0.859960767,0.000733886,-0.317,0.001969697,-0.25,1,3.33,1,2.67,1,1,0,1
123,0.633686049,0.411764706,0.84375,0,0.7,0.424545455,0,1,0.363636364,0.636363636,0.4125,0,0.8,0.25,0.75,0.8,0,1,0.045454545,0.272727273,1,1,1,0,0,0.16,0.04,0.28,0.41,0.36,0.46,1,0,1,0,0,2,0.537242949,-0.180689092,-0.723333333,-0.345454545,0,0,-1,0,-1,0,-1,0,1
271,0.779859562,0.617647059,0.972222222,0,0.2,0.435454545,0,1,0.454545455,0.545454545,0.125,0,0.5,0.75,1,0.798257576,0,1,0.045454545,0.272727273,1,1,1,0,0,0.61,0.52,0.7,0.555,0.45,0.66,1,0,1,0,0,2,0.601521078,-0.018624352,-0.798333333,-0.352575758,0,1,0,0,-1,0,-1,0,1
158,0,0,0,1,1,0,0,0,1,1,0,0,0,1,1,0.090909091,0,1,0.909090909,0.909090909,0,0,0,1,1,0.35,0,0.7,0,0,0,0,0,0,0,0,0,0.035701294,0,0,0.181818182,0,0,-1,0,-1,0,-1,0,1
169,0.782938923,0.6,0.916666667,0,0.1,0.85,0.55,1,0,0.272727273,0.825,0.6,1,0,0.25,0.882954545,0,1,0.045454545,0.136363636,0.888888889,0,1,0.111111111,0.111111111,0.635,0.52,0.75,0.625,0.53,0.72,0,1,0,1,0,0,0.832132602,0.092863985,-0.113666667,0.162878788,-0.25,0,-1,0,-1,0,-1,0,1
358,0.678509691,0.382352941,0.875,0,0.4,0.622727273,0,1,0.181818182,0.454545455,0.55,0,1,0.25,0.5,0.826060606,0.2,1,0,0.272727273,1,1,1,0,0,0.655,0.63,0.68,0.52,0.39,0.65,1,0,0,1,0,0,0.686142001,-0.129241605,-0.529333333,-0.064242424,0,0,-1,0,-1,0,-1,0,1
322,0.588845926,0.441176471,0.8,0,0.7,0.94,0.85,1,0,0,0.775,0.6,1,0,0.25,0.953560606,0.666666667,1,0,0.045454545,0.555555556,0,1,0.444444444,0.444444444,0.63,0.43,0.83,0.485,0.41,0.56,1,0,0,1,0,0,0.821347963,-0.116907539,-0.066,-0.041969697,-0.1,0,-1,0,-1,0,-1,0,1
391,0.79993943,0.583333333,0.941176471,0,0.1,0.960909091,0.92,1,0,0,0.9,0.8,1,0,0,0.9375,0,1,0.045454545,0.045454545,1,1,1,0,0,0.875,0.75,1,0.575,0.51,0.64,1,0,1,0,0,3,0.914019818,-0.086235069,-0.009,0.093181818,0,1,3.33,0,-1,0,-1,1,1
95,0.687890607,0.416666667,0.882352941,0,0.6,0.879090909,0.17,1,0,0.090909091,0.7,0,1,0.25,0.25,0.831818182,0,1,0.045454545,0.181818182,0.888888889,0,1,0.111111111,0.111111111,0.58,0.38,0.78,0.6,0.5,0.7,1,0,1,0,0,2,0.812524092,-0.057072064,-0.233,0.045454545,-0.25,1,2.67,1,1.67,1,2,0,1
4,0.917142918,0.852941176,0.972222222,0,0,0.970909091,0.89,1,0,0,0.925,0.8,1,0,0,0.882954545,0,1,0.045454545,0.090909091,1,1,1,0,0,0.94,0.9,0.98,0.64,0.52,0.76,1,0,0,1,0,0,0.941840046,0.026988675,-0.001666667,0.038636364,0,1,4,1,4,0,-1,0,1
353,0.742576065,0.611111111,0.888888889,0,0.5,0.73,0,1,0.090909091,0.272727273,0.75,0.4,1,0,0.5,0.890151515,0.25,1,0,0.136363636,0.888888889,0,1,0.111111111,0.111111111,0.52,0.47,0.57,0.57,0.49,0.65,0,1,1,0,0,2,0.754699601,0.011906694,-0.381333333,-0.146969697,-0.25,0,-1,0,-1,0,-1,0,1
37,0.372118408,0,0.896551724,0.5,0.5,0.433636364,0,1,0.545454545,0.545454545,0.275,0,0.6,0.5,1,0.482575758,0,1,0.454545455,0.545454545,0.555555556,0,1,0.444444444,0.444444444,0,0,0,0,0,0,0,0,1,0,0,0,0.375966301,-0.744236815,-0.795,-0.601515152,-1,0,-1,0,-1,0,-1,0,1
200,0.710286652,0.433333333,0.84375,0,0.5,0.741818182,0,1,0.090909091,0.181818182,0.55,0,1,0.25,0.5,0.857651515,0.2,1,0,0.181818182,1,1,1,0,0,0.435,0.39,0.48,0.55,0.52,0.58,0,1,0,0,0,2,0.743399274,-0.070246507,-0.417666667,-0.08469697,0,0,-1,0,-1,0,-1,0,1
370,0.779282877,0.527777778,0.933333333,0,0.2,0.757272727,0,1,0.090909091,0.272727273,0.5125,0,0.8,0.25,0.5,0.858106061,0,1,0.045454545,0.136363636,0.888888889,0,1,0.111111111,0.111111111,0.895,0.87,0.92,0.555,0.4,0.71,1,0,1,0,0,3,0.785436091,-0.144840264,-0.372666667,0.030757576,0.2,1,2,1,0,0,-1,0,1
257,0.782615647,0.666666667,1,0,0.2,0.911818182,0.82,1,0,0,0.675,0,1,0.25,0.25,0.958712121,0.75,1,0,0,1,1,1,0,0,0.935,0.87,1,0.555,0.4,0.71,1,0,1,0,0,3,0.885915218,-0.062616915,-0.018,0.017424242,0,1,3.33,1,2.67,0,-1,1,1
230,0.812550287,0.611111111,1,0,0.1,0.960909091,0.87,1,0,0,0.8875,0.75,1,0,0,0.89030303,0,1,0.045454545,0.136363636,1,1,1,0,0,0.975,0.95,1,0.65,0.52,0.78,1,0,1,0,0,4,0.921457623,-0.011375085,-0.038333333,0.067878788,0,1,4,1,3.67,1,4,0,1
136,0.22849476,0,0.676470588,0.6,1,0.32,0,1,0.636363636,0.727272727,0.175,0,0.5,0.5,1,0.426515152,0,1,0.5,0.590909091,0.333333333,0,1,0.666666667,0.666666667,0,0,0,0,0,0,1,0,0,0,0,0,0.275351348,-0.45698952,-0.586666667,-0.489393939,-0.6,0,-1,0,-1,0,-1,0,1
30,0.624660525,0.416666667,0.724137931,0,0.7,0.860909091,0.54,1,0,0.181818182,0.75,0.4,1,0,0.25,0.853030303,0,1,0.045454545,0.136363636,1,1,1,0,0,0.205,0.1,0.31,0.41,0.41,0.41,1,0,0,0,0,0,0.761705398,-0.131020397,-0.067666667,0.163636364,0,0,-1,0,-1,0,-1,0,1
145,0.415555556,0,0.9375,0.5,0.5,0.534545455,0,1,0.454545455,0.454545455,0.25,0,1,0.75,0.75,0.550909091,0,1,0.363636364,0.5,0.333333333,0,1,0.666666667,0.666666667,0.5,0,1,0.265,0,0.53,1,0,0,1,1,0,0.491527091,-0.183888889,-0.98,-0.365454545,-0.6,0,-1,0,-1,0,-1,0,1
151,0.748267974,0.566666667,1,0,0.5,0.844545455,0.52,1,0,0.090909091,0.55,0.1,1,0,0.75,0.948636364,0.65,1,0,0.045454545,1,1,1,0,0,0.92,0.86,0.98,0.545,0.37,0.72,0,0,1,0,0,2,0.841020778,-0.047189542,-0.184333333,-0.006363636,0,1,2.33,1,1,0,-1,0,1
287,0.83899862,0.735294118,1,0,0,0.694545455,0,1,0.272727273,0.272727273,0.4,0,1,0.5,0.75,0.805681818,0,1,0.181818182,0.181818182,0.888888889,0,1,0.111111111,0.111111111,1,1,1,0.645,0.56,0.73,1,0,0,0,2,0,0.771906615,-0.073993971,-0.646333333,-0.179545455,-0.25,0,-1,0,-1,0,-1,0,1
388,0.829844349,0.724137931,0.9375,0,0,0.88,0.72,0.99,0,0,0.725,0,1,0.25,0.25,0.918181818,0.25,1,0,0.090909091,1,1,1,0,0,0.965,0.95,0.98,0.65,0.55,0.75,0,0,0,0,2,0,0.885968253,0.051259015,-0.066,0,0,0,-1,0,-1,0,-1,1,1
130,0.88910835,0.75,0.970588235,0,0,0.687272727,0,1,0.181818182,0.272727273,0.95,0.8,1,0,0,0.715075758,0,1,0.136363636,0.318181818,0.444444444,0,1,0.555555556,0.555555556,0.86,0.85,0.87,0.65,0.55,0.75,1,0,1,0,2,2,0.748674712,-0.015471602,-0.644,0.00469697,-0.8,1,1.67,1,3.67,1,0,0,1
47,0.619906187,0.352941176,0.794117647,0,0.4,0.876363636,0.65,1,0,0.090909091,0.5875,0,0.8,0.25,0.25,0.93219697,0.25,1,0,0.090909091,0.888888889,0,1,0.111111111,0.111111111,0.535,0.42,0.65,0.53,0.47,0.59,1,0,0,0,0,0,0.802244122,-0.205988844,-0.118,-0.090151515,0.2,1,1.33,0,-1,0,-1,0,1
220,0.772392664,0,0.970588235,0.1,0.1,0.748181818,0,1,0.090909091,0.363636364,0.625,0,1,0.25,0.5,0.888636364,0,1,0.045454545,0.136363636,1,1,1,0,0,0.9,0.8,1,0.68,0.52,0.84,1,0,0,0,2,0,0.803811849,-0.084246112,-0.524666667,0.065151515,0,1,2.33,1,1,0,-1,0,1
371,0.575583227,0.409090909,0.763157895,0,0.777777778,0.586923077,0,1,0.230769231,0.461538462,0.58,0,0.857142857,0.2,0.6,0.744688645,0,1.166666667,0.115384615,0.307692308,0.846153846,0,1,0.153846154,0.153846154,0.223333333,0,0.55,0.602536232,0.433333333,0.77173913,1,0,0,0,1,2,0.5784814,-0.234954851,-0.501904762,-0.127838828,-0.333333333,0,-1,0,-1,0,-1,-1,2
131,0.30960077,0,0.91,0.444444444,0.888888889,0.536923077,0,1,0.230769231,0.461538462,0,0,0,1,1,0.335447192,0,1,0.615384615,0.653846154,0.384615385,0,1,0.615384615,0.615384615,0.35,0,0.82,0.548309179,0.444444444,0.652173913,1,0,0,0,0,0,0.4342634,-0.19932684,-0.198571429,-0.307005495,-0.714285714,0,-1,0,-1,0,-1,-1,2
182,0.170076628,0,0.91,0.777777778,0.888888889,0,0,0,1,1,0,0,0,1,1,0.057692308,0,1,0.923076923,0.961538462,0,0,0,1,1,0,0,0,0,0,0,1,0,0,0,1,0,0.0341653,-0.306137931,0,-0.115384615,0,0,-1,0,-1,0,-1,-1,2
139,0.885244452,0.763157895,0.95,0,0,0.957692308,0.71,1,0,0,0.851428571,0.6,1,0,0.2,0.97758547,0.8,1.166666667,0,0,1,1,1,0,0,0.83,0.68,0.93,0.939130435,0.9,0.97826087,1,0,0,0,3,0,0.937647,0.024056305,0.032142857,0.008162393,0,0,-1,0,-1,0,-1,-1,2
335,0.774247506,0.620689655,0.91,0,0.222222222,0.890769231,0.27,1,0,0.076923077,0.171428571,0,0.857142857,0.8,0.8,0.893922466,0.416666667,1.166666667,0,0.115384615,0.769230769,0,1,0.230769231,0.230769231,0.87,0.81,0.97,0.862439614,0.844444444,0.880434783,1,0,0,1,0,0,0.8519581,-0.059573005,-0.171666667,-0.094426129,-0.19047619,1,1.67,1,0,0,-1,-1,2
379,0.599524395,0.447368421,0.75862069,0,0.666666667,0.873846154,0,1,0.076923077,0.076923077,0.748571429,0.4,0.95,0,0.2,0.953800366,0.76,1,0,0,1,1,1,0,0,0.516666667,0.23,0.89,0.71352657,0.644444444,0.782608696,1,0,0,1,0,0,0.8014565,-0.128614835,-0.174285714,0.026330891,0,0,-1,0,-1,0,-1,-1,2
53,0.859848565,0.74,0.973684211,0,0,0.970769231,0.81,1,0,0,0.92,0.65,1,0,0.2,0.963681319,0.75,1.166666667,0,0,1,1,1,0,0,0.94,0.89,0.97,0.928623188,0.923913043,0.933333333,1,0,1,0,4,0,0.9456584,0.117440967,-0.02,-0.046166056,0,0,-1,0,-1,0,-1,-1,2
119,0.587661273,0.421052632,0.793103448,0,0.777777778,0.448461538,0,0.97,0.384615385,0.538461538,0.49,0,1,0.4,0.4,0.542362637,0,1.166666667,0.153846154,0.576923077,0.846153846,0,1,0.153846154,0.153846154,0.256666667,0,0.77,0.673913043,0.5,0.847826087,1,0,0,0,0,2,0.4904076,-0.180466957,-0.455238095,-0.533443223,-0.333333333,0,-1,0,-1,0,-1,-1,2
251,0.568023087,0.205128205,0.80952381,0,0.777777778,0.793846154,0,1,0.076923077,0.153846154,0.552857143,0,0.857142857,0.2,0.6,0.948400488,0.725,1.166666667,0,0,0.75,0,1,0.230769231,0.230769231,0.516666667,0.39,0.61,0.587077295,0.511111111,0.663043478,1,0,0,1,0,0,0.7364338,-0.223927571,-0.350714286,-0.067057387,-0.541666667,1,0,1,0,0,-1,-1,2
40,0.630823491,0.578947368,0.793103448,0,0.888888889,0.914615385,0.65,1,0,0.076923077,0.855714286,0.55,1,0,0.2,0.952686203,0.75,1.166666667,0,0,1,1,1,0,0,0.456666667,0.25,0.77,0.795169082,0.655555556,0.934782609,1,0,1,0,2,3,0.8211201,-0.066739185,-0.048809524,-0.042637363,0,0,-1,0,-1,0,-1,-1,2
386,0.53197042,0.236842105,0.827586207,0,0.888888889,0.641538462,0,1,0.153846154,0.384615385,0.735714286,0.3,1,0,0.4,0.744945055,0,1,0.115384615,0.307692308,1,1,1,0,0,0.08,0,0.24,0.618599034,0.411111111,0.826086957,1,0,0,0,0,0,0.5947972,-0.192751025,-0.708571429,-0.484420024,0,0,-1,0,-1,0,-1,-1,2
5,0.700044732,0.538461538,0.857142857,0,0.444444444,0.780769231,0.18,1,0,0.230769231,0.705714286,0.571428571,0.857142857,0,0.4,0.929679487,0.625,1.166666667,0,0.038461538,0.852564103,0,1,0.076923077,0.153846154,0.516666667,0.23,0.73,0.74589372,0.622222222,0.869565217,1,0,0,0,0,0,0.7571522,-0.051316256,-0.357380952,-0.106965812,-0.319444444,0,-1,0,-1,0,-1,-1,2
86,0.530625484,0.153846154,0.83,0,0.888888889,0.969230769,0.82,1,0,0,0.915714286,0.7,1,0,0,0.966691087,0.583333333,1.166666667,0,0.038461538,1,1,1,0,0,0.576666667,0.45,0.7,0.664130435,0.6,0.72826087,1,0,0,1,0,0,0.8444442,-0.242267019,-0.023333333,-0.000561661,0,0,-1,0,-1,0,-1,-1,2
367,0.960547576,0.909090909,1,0,0,0.991538462,0.95,1,0,0,0.93,0.7,1,0,0,0.946718559,0.333333333,1,0,0.038461538,1,1,1,0,0,0.983333333,0.95,1,0.956038647,0.955555556,0.956521739,1,0,1,0,0,2,0.9733314,-0.016352217,-0.005952381,0.049725275,0,1,4,1,4,1,3.67,-1,2
195,0.922623511,0.8,0.974358974,0,0,0.88,0.3,1,0,0.153846154,0.92,0.8,1,0,0,0.997115385,0.9,1.166666667,0,0,1,1,1,0,0,0.993333333,0.98,1,0.911835749,0.888888889,0.934782609,1,0,0,1,0,0,0.9197133,0.009690819,-0.01547619,-0.007478632,0,1,4,0,-1,1,3.67,-1,2
311,0.526168545,0.282051282,0.724137931,0,0.888888889,0.760769231,0,1,0.076923077,0.230769231,0.78,0.428571429,1,0,0.4,0.805731583,0.222222222,1.166666667,0,0.269230769,1,1,1,0,0,0.426666667,0.29,0.6,0.641545894,0.522222222,0.760869565,1,0,0,1,0,0,0.6965008,-0.154482843,-0.174761905,-0.028585674,0,0,-1,0,-1,0,-1,-1,2
211,0.908889974,0.771428571,0.974358974,0,0,0.798461538,0.1,1,0,0.307692308,0.767142857,0.4,0.95,0,0.2,0.939443427,0.259259259,1.166666667,0,0.038461538,0.897435897,0,1,0.076923077,0.153846154,0.876666667,0.76,1,0.851690821,0.847826087,0.855555556,1,0,1,0,0,2,0.8457956,-0.009423926,-0.343809524,-0.106949532,-0.222222222,1,2,1,1,1,3,-1,2
349,0.681543439,0.473684211,0.827586207,0,0.333333333,0.89,0.54,1,0,0.076923077,0.698571429,0.4,1,0,0.6,0.959920635,0.75,1.166666667,0,0,1,1,1,0,0,0.503333333,0.34,0.61,0.751811594,0.666666667,0.836956522,1,0,1,0,0,3,0.824242,-0.067204212,-0.095952381,0.022039072,0,1,2.67,1,2,1,3,-1,2
280,0.690208927,0.547619048,0.85,0,0.555555556,0.946923077,0.77,1,0,0,0.791428571,0.4,1,0,0.2,0.95017094,0.666666667,1,0,0.038461538,0.846153846,0,1,0.153846154,0.153846154,0.57,0.16,0.9,0.768357488,0.688888889,0.847826087,1,0,0,0,0,3,0.8602474,-0.002571137,-0.059285714,0.017948718,-0.333333333,0,-1,0,-1,1,2.67,-1,2
260,0.854081573,0.714285714,1,0,0,0.938461538,0.7,1,0,0,0.755714286,0,1,0.2,0.2,0.935387668,0.375,1.166666667,0,0.076923077,0.846153846,0,1,0.153846154,0.153846154,0.92,0.78,1,0.856521739,0.8,0.913043478,1,0,1,0,1,3,0.9119875,0.071744078,-0.068333333,-0.057185592,-0.333333333,1,2.33,1,2,1,2,-1,2
31,0.928066153,0.772727273,1,0,0,0.931538462,0.41,1,0,0.076923077,0.897142857,0.8,0.95,0,0,0.98968254,0.866666667,1.166666667,0,0,0.974358974,0.666666667,1,0,0.076923077,0.92,0.77,1,0.955917874,0.944444444,0.967391304,1,0,0,0,1,2,0.9426269,-0.077245244,-0.101904762,-0.018681319,-0.055555556,0,-1,0,-1,1,2,-1,2
372,0.718655693,0,0.923076923,0.111111111,0.222222222,0.970769231,0.87,1,0,0,0.882857143,0.8,1,0,0,0.972735043,0.625,1.166666667,0,0.038461538,0.846153846,0,1,0.153846154,0.153846154,0.926666667,0.88,0.98,0.846014493,0.833333333,0.858695652,1,0,1,0,0,2,0.9106959,-0.087024303,-0.023095238,-0.041709402,-0.333333333,1,4,1,3,1,3.33,-1,2
90,0.74427688,0.4,0.868421053,0,0.222222222,0.964615385,0.86,1,0,0,0.89,0.7,1,0,0,0.878382173,0,1.166666667,0.038461538,0.115384615,0.984615385,0.8,1,0,0,0.466666667,0.15,0.74,0.708454106,0.677777778,0.739130435,1,0,1,0,4,0,0.84576,0.091222669,-0.020952381,-0.038473748,0.028571429,0,-1,0,-1,1,3.33,-1,2
105,0.570521627,0,0.85,0.111111111,0.888888889,0.755384615,0,1,0.153846154,0.230769231,0.62,0,1,0.2,0.4,0.958727106,0.75,1.166666667,0,0,0.91025641,0.333333333,1,0,0.076923077,0.35,0.02,0.71,0.602898551,0.466666667,0.739130435,1,0,0,0,0,2,0.7140984,-0.272563699,-0.307142857,-0.017539683,-0.03968254,0,-1,0,-1,0,-1,-1,2
302,0.634136899,0.487179487,0.736842105,0,0.777777778,0.731538462,0,1,0.076923077,0.307692308,0.692857143,0.5,1,0,0.4,0.926370574,0.375,1.166666667,0,0.038461538,0.898717949,0.333333333,1,0,0.153846154,0.58,0.38,0.77,0.741304348,0.7,0.782608696,1,0,0,0,2,2,0.7379526,-0.062172403,-0.256666667,-0.081886447,-0.018253968,0,-1,0,-1,0,-1,-1,2
24,0.751399061,0.545454545,1,0,0.333333333,0.792307692,0,1,0.153846154,0.230769231,0.871428571,0.6,0.95,0,0.2,0.83518315,0,1.166666667,0.038461538,0.269230769,0.807692308,0,1,0.153846154,0.153846154,0.516666667,0.16,0.82,0.762318841,0.633333333,0.891304348,1,0,0,0,1,0,0.7703243,-0.223156882,-0.40047619,-0.317374847,-0.261904762,0,-1,0,-1,0,-1,-1,2
204,0.775346425,0.65,0.880952381,0,0.333333333,0.835384615,0.05,1,0,0.153846154,0.895714286,0.8,1,0,0,0.982106227,0.791666667,1.166666667,0,0,1,1,1,0,0,0.796666667,0.73,0.87,0.856642512,0.811111111,0.902173913,1,0,0,1,0,0,0.8532692,0.052218724,-0.22047619,-0.02968254,0,1,1.33,1,0,0,-1,-1,2
285,0.699017303,0.447368421,0.840909091,0,0.444444444,0.680769231,0,1,0.153846154,0.384615385,0.25,0,0.75,0.6,0.8,0.781626984,0,1.166666667,0.115384615,0.307692308,0.846153846,0,1,0.153846154,0.153846154,0.633333333,0.32,1,0.652777778,0.555555556,0.75,1,0,0,1,0,0,0.6832325,-0.009275496,-0.422380952,-0.326929182,-0.333333333,0,-1,0,-1,0,-1,-1,2
279,0.277165135,0,0.880952381,0.666666667,0.666666667,0.27,0,1,0.692307692,0.769230769,0,0,0,1,1,0.482051282,0,1.166666667,0.5,0.538461538,0.692307692,0,1,0.307692308,0.307692308,0.333333333,0,1,0.630193237,0.477777778,0.782608696,1,0,1,0,0,3,0.3380248,-0.498897243,-0.501428571,-0.815384615,-0.666666667,0,-1,0,-1,0,-1,-1,2
154,0.818235441,0.657142857,0.923076923,0,0.111111111,0.893846154,0.63,1,0,0.153846154,0.58,0,0.9,0.2,0.6,0.982423687,0.916666667,1,0,0,0.846153846,0,1,0.153846154,0.153846154,0.79,0.37,1,0.917753623,0.902173913,0.933333333,1,0,1,0,0,3,0.8896476,0.080382867,-0.121666667,0.011904762,-0.023809524,1,3.67,1,3,1,3,-1,2
193,0.719436324,0.526315789,0.9,0,0.666666667,0.871538462,0.35,1,0,0.153846154,0.7,0,1,0.2,0.4,0.966559829,0.625,1.166666667,0,0.038461538,0.980769231,0.75,1,0,0,0.53,0.23,0.86,0.686111111,0.622222222,0.75,1,0,1,0,2,3,0.8201776,-0.069244677,-0.200952381,-0.030641026,-0.041666667,1,2.67,0,-1,1,3,-1,2
306,0.8179855,0.724137931,0.923076923,0,0,0.959230769,0.74,1,0,0,0.82,0.4,1,0,0.2,0.969126984,0.66,1.166666667,0,0.038461538,0.826923077,0,1,0.153846154,0.153846154,0.78,0.51,0.95,0.91763285,0.913043478,0.922222222,0,1,0,0,1,0,0.9155864,0.053684253,0.026190476,-0.058083028,-0.06547619,0,-1,0,-1,0,-1,-1,2
34,0.886646727,0.75,0.977272727,0,0,0.983846154,0.8,1,0,0,0.825714286,0.4,1,0,0.2,0.965006105,0.4,1.166666667,0,0.038461538,1,1,1,0,0,0.99,0.98,1,0.857487923,0.826086957,0.888888889,1,0,1,0,0,5,0.9550423,0.088444246,-0.035,0.049474969,0,1,4,1,4,1,4,-1,2
225,0.658785065,0.564102564,0.87,0,0.777777778,0.717692308,0,1,0.076923077,0.307692308,0.668571429,0.2,0.95,0,0.4,0.894526862,0.4,1.166666667,0,0.153846154,0.858974359,0,1,0.076923077,0.230769231,0.41,0.2,0.7,0.635386473,0.455555556,0.815217391,1,0,0,0,2,0,0.6983965,-0.129616025,-0.261904762,-0.152899878,-0.305555556,0,-1,0,-1,1,3.67,-1,2
274,0.746361956,0.542857143,0.871794872,0,0.222222222,0.876153846,0.48,1,0,0.076923077,0.827142857,0.6,0.95,0,0.2,0.952594628,0.72,1.166666667,0,0,0.980769231,0.75,1,0,0,0.943333333,0.92,0.96,0.89057971,0.847826087,0.933333333,1,0,0,1,0,0,0.8748596,0.087773176,-0.070238095,-0.036471306,0.035714286,1,3.67,1,3,0,-1,-1,2
259,0.588195421,0.476190476,0.736842105,0,0.888888889,0.936153846,0.76,1,0,0,0.815714286,0.4,1,0,0.2,0.965094628,0.791666667,1.166666667,0,0,0.903846154,0,1,0.076923077,0.076923077,0.653333333,0.48,0.91,0.637077295,0.611111111,0.663043478,1,0,0,1,0,0,0.835494,-0.036769792,-0.054761905,-0.043437118,-0.130952381,1,2.33,1,1,0,-1,-1,2
247,0.907938269,0.772727273,0.973684211,0,0,0.944615385,0.6,1,0,0.076923077,0.605714286,0,0.928571429,0.2,0.4,0.973489011,0.6,1.166666667,0,0.038461538,0.974358974,0.666666667,1,0,0.076923077,0.986666667,0.96,1,0.906763285,0.891304348,0.922222222,1,0,1,0,0,3,0.9371662,-0.029476592,-0.058095238,0.005586081,-0.055555556,1,3.67,1,3,1,4,-1,2
115,0.774049316,0,0.948717949,0.111111111,0.222222222,0.875384615,0,1,0.076923077,0.076923077,0.935714286,0.9,1,0,0,0.816752137,0,1,0.153846154,0.153846154,0.692307692,0,1,0.307692308,0.307692308,0.913333333,0.79,0.98,0.934057971,0.933333333,0.934782609,1,0,1,0,4,0,0.8885122,0.260437769,-0.158571429,0.139145299,0.571428571,0,-1,0,-1,1,3.67,-1,2
14,0.921065585,0.742857143,0.976190476,0,0,0.788461538,0,0.98,0.153846154,0.153846154,0.675714286,0,1,0.2,0.4,0.981526252,0.866666667,1.166666667,0,0,0.846153846,0,1,0.153846154,0.153846154,0.973333333,0.92,1,0.939492754,0.933333333,0.945652174,1,0,0,1,0,0,0.8632226,0.053404177,-0.331428571,-0.027667888,-0.023809524,0,-1,0,-1,0,-1,-1,2
392,0.908328097,0.827586207,1,0,0,0.956153846,0.6,1,0,0.076923077,0.77,0.4,1,0,0.4,0.99029304,0.875,1.166666667,0,0,1,1,1,0,0,0.98,0.94,1,0.900966184,0.888888889,0.913043478,1,0,0,1,0,0,0.9469588,0.006493599,0.053571429,-0.026739927,0,1,4,1,4,0,-1,-1,2
91,0.75454754,0.657894737,0.9,0,0.222222222,0.87,0.53,1,0,0.153846154,0.26,0,0.8,0.6,0.8,0.859362027,0,1,0.038461538,0.153846154,0.923076923,0,1,0.076923077,0.076923077,0.766666667,0.63,0.86,0.675483092,0.644444444,0.706521739,1,0,0,0,0,0,0.8198792,-0.041241331,-0.167142857,0.146489621,0.142857143,0,-1,0,-1,0,-1,-1,2
201,0.455480766,0,0.80952381,0.333333333,0.555555556,0.609230769,0,0.98,0.230769231,0.384615385,0.157142857,0,0.785714286,0.8,0.8,0.714929792,0,1.083333333,0.153846154,0.346153846,0.576923077,0,1,0.307692308,0.461538462,0.456666667,0.05,0.97,0.624879227,0.488888889,0.760869565,1,0,0,1,0,0,0.5785274,-0.462173072,-0.642380952,-0.329603175,-0.297619048,0,-1,1,0,0,-1,-1,2
129,0.614081821,0.358974359,0.83,0,0.555555556,0.945384615,0.79,1,0,0,0.69,0.4,0.857142857,0,0.4,0.978632479,0.833333333,1,0,0,1,1,1,0,0,0.506666667,0.16,0.81,0.637198068,0.622222222,0.652173913,1,0,0,1,0,0,0.8399149,-0.302941131,-0.037857143,0.008547009,0,0,-1,0,-1,0,-1,-1,2
381,0.93590909,0.885714286,1,0,0,0.954615385,0.83,1,0,0,0.67,0,1,0.2,0.4,0.969581807,0.725,1,0,0,1,1,1,0,0,0.983333333,0.95,1,0.878985507,0.866666667,0.891304348,1,0,1,0,0,3,0.9446067,0.017769785,-0.045714286,-0.008821734,0,1,4,1,3.67,1,3.67,-1,2
324,0.772388007,0.485714286,0.904761905,0,0.222222222,0.671538462,0,1,0.230769231,0.307692308,0.3,0,1,0.6,0.8,0.999771062,0.944444444,1.166666667,0,0,0.801282051,0,1,0.153846154,0.230769231,0.916666667,0.8,1,0.691908213,0.655555556,0.72826087,1,0,0,0,1,0,0.7588819,0.087383774,-0.358809524,-0.010225885,-0.353174603,0,-1,0,-1,1,3.67,-1,2
261,0.879683931,0.7,0.974358974,0,0,0.99,0.95,1,0,0,0.865714286,0.6,1,0,0.2,0.952631258,0.333333333,1,0,0.038461538,1,1,1,0,0,0.94,0.85,0.99,0.922584541,0.877777778,0.967391304,1,0,0,0,0,0,0.9526573,0.088293252,-0.012380952,0.086190476,0,1,4,1,4,1,3.67,-1,2
9,0.550939163,0,0.727272727,0.111111111,0.777777778,0.763076923,0,1,0.076923077,0.230769231,0.312857143,0,0.85,0.6,0.6,0.779267399,0,1,0.115384615,0.230769231,1,1,1,0,0,0.543333333,0.2,0.76,0.680797101,0.633333333,0.72826087,1,0,0,1,0,0,0.7144925,-0.110571612,-0.089285714,0.000781441,0,0,-1,0,-1,1,3.67,-1,2
258,0.393564466,0,0.74,0.222222222,0.888888889,0.619230769,0,1,0.307692308,0.384615385,0.417142857,0,0.785714286,0.4,0.6,0.836050061,0,1.166666667,0.076923077,0.153846154,0.551282051,0,1,0.384615385,0.538461538,0.153333333,0.05,0.32,0.537198068,0.422222222,0.652173913,1,0,0,0,0,2,0.5562413,-0.336038417,-0.555714286,-0.047313797,0.111111111,0,-1,0,-1,0,-1,-1,2
239,0.80309549,0.551724138,0.95,0,0.111111111,0.770769231,0,1,0.153846154,0.230769231,0.59,0,1,0.2,0.6,0.888864469,0,1.166666667,0.076923077,0.115384615,1,1,1,0,0,0.87,0.66,1,0.823429952,0.755555556,0.891304348,1,0,0,1,3,0,0.8152998,-0.058886198,-0.391428571,-0.176190476,0,0,-1,0,-1,0,-1,-1,2
317,0.900751332,0.795454545,1,0,0,0.870769231,0.42,1,0,0.230769231,0.3,0,1,0.6,0.8,0.950369353,0.55,1.166666667,0,0.076923077,0.884615385,0,1,0.076923077,0.076923077,0.9,0.77,1,0.851449275,0.833333333,0.869565217,1,0,1,0,2,3,0.8780512,-0.030300687,-0.224285714,-0.07518315,-0.172619048,1,2.33,1,1.67,1,1.67,-1,2
124,0.855946396,0.628571429,0.95,0,0.111111111,0.982307692,0.95,1,0,0,0.881428571,0.8,1,0,0,0.963824786,0.555555556,1.166666667,0,0.038461538,0.826923077,0,1,0.153846154,0.153846154,0.76,0.65,0.9,0.967028986,0.966666667,0.967391304,0,1,0,0,1,2,0.9242544,0.001171717,-0.007380952,-0.008760684,0.011904762,0,-1,0,-1,1,1.67,-1,2
68,0.659135656,0.57,0.772727273,0,0.666666667,0.88,0,1,0.076923077,0.076923077,0.858571429,0.785714286,1,0,0,0.972103175,0.75,1.166666667,0,0,1,1,1,0,0,0.553333333,0.23,0.83,0.718599034,0.611111111,0.826086957,1,0,0,1,0,0,0.826727,-0.024344438,-0.188809524,-0.002582418,0,0,-1,0,-1,0,-1,-1,2
375,0.5522806,0.314285714,0.763157895,0,0.666666667,0.598461538,0,1,0.307692308,0.461538462,0.15,0,0.75,0.8,0.8,0.81767094,0,1.166666667,0.076923077,0.307692308,0.647435897,0,1,0.307692308,0.384615385,0.416666667,0.09,0.86,0.696497585,0.577777778,0.815217391,1,0,0,0,1,0,0.60718,-0.136794628,-0.359285714,0.088504274,-0.376984127,0,-1,0,-1,0,-1,-1,2
96,0.701624251,0.363636364,0.857142857,0,0.444444444,0.876153846,0.4,1,0,0.076923077,0.772857143,0.4,0.95,0,0.2,0.95207265,0.785714286,1.166666667,0,0,0.747435897,0,1,0.153846154,0.307692308,0.38,0,0.65,0.7897343,0.655555556,0.923913043,1,0,1,0,0,2,0.8066893,-0.181068665,-0.135238095,0.009444444,-0.407936508,0,-1,0,-1,0,-1,-1,2
29,0.48290953,0.333333333,0.74,0,0.888888889,0.582307692,0,1,0.230769231,0.461538462,0.13,0,0.65,0.8,1,0.797319902,0,1,0.076923077,0.307692308,0.846153846,0,1,0.153846154,0.153846154,0.403333333,0.12,0.79,0.614251208,0.511111111,0.717391304,1,0,0,0,0,0,0.5870565,-0.208121953,-0.354047619,0.130659341,-0.023809524,1,1.67,0,-1,1,2.33,-1,2
323,0.753912387,0.571428571,0.921052632,0,0.444444444,0.687692308,0,1,0.076923077,0.461538462,0.741428571,0.3,0.95,0,0.4,0.913595849,0.55,1.166666667,0,0.115384615,0.820512821,0,1,0.153846154,0.230769231,0.86,0.67,1,0.75821256,0.755555556,0.760869565,0,1,1,0,0,2,0.7611027,0.036102716,-0.413571429,-0.057277167,-0.079365079,1,0.67,1,1.67,0,-1,-1,2
143,0.814991609,0.727272727,0.921052632,0,0,0.520769231,0,0.96,0.076923077,0.615384615,0.74,0.65,0.85,0,0.2,0.945576923,0.6,1.166666667,0,0.038461538,0.826923077,0,1,0.153846154,0.153846154,0.763333333,0.58,0.99,0.818357488,0.788888889,0.847826087,1,0,1,0,0,2,0.6858867,-0.080299214,-0.357380952,-0.03482906,-0.297619048,0,-1,0,-1,0,-1,-1,2
89,0.88935345,0.724137931,0.977272727,0,0,0.919230769,0.78,1,0,0,0.895714286,0.6,1,0,0.2,0.956291209,0.777777778,1,0,0,0.980769231,0.75,1,0,0,0.946666667,0.87,1,0.944927536,0.933333333,0.956521739,1,0,0,0,0,3,0.9242978,0.048653117,-0.057380952,0.021178266,0.035714286,1,4,1,3.67,1,3.67,-1,2
262,0.765964351,0.657142857,0.904761905,0,0.111111111,0.791538462,0.1,1,0,0.307692308,0.858571429,0.642857143,1,0,0.2,0.871938339,0.291666667,1,0,0.115384615,1,1,1,0,0,0.57,0.29,0.79,0.802657005,0.760869565,0.844444444,1,0,1,0,0,3,0.7820228,-0.051964577,-0.191666667,-0.096269841,0,1,1,0,-1,1,3.67,-1,2
46,0.76484805,0.586206897,0.857142857,0,0.222222222,0.971538462,0.9,1,0,0,0.805714286,0.4,1,0,0.2,0.984300977,0.866666667,1.166666667,0,0,1,1,1,0,0,0.853333333,0.78,0.99,0.879347826,0.858695652,0.9,1,0,0,1,0,0,0.9246398,-0.016347396,-0.021428571,-0.028858364,0,1,4,1,3,0,-1,-1,2
216,0.67963004,0.52,0.857142857,0,0.444444444,0.798461538,0,1,0.076923077,0.153846154,0.48,0,1,0.4,0.4,0.919603175,0.6,1.166666667,0,0.115384615,0.903846154,0,1,0.076923077,0.076923077,0.563333333,0.44,0.73,0.784661836,0.688888889,0.880434783,0,1,0,1,0,0,0.7672339,-0.059219239,-0.325238095,-0.050830281,-0.130952381,0,-1,0,-1,0,-1,-1,2
158,0.359010536,0,0.571428571,0.111111111,1,0.763846154,0,0.99,0.153846154,0.230769231,0.474285714,0,0.928571429,0.4,0.6,0.666254579,0,1,0.230769231,0.384615385,0.717948718,0,1,0.230769231,0.307692308,0.133333333,0,0.36,0.416545894,0.322222222,0.510869565,0,0,0,0,0,0,0.5927477,-0.030857353,-0.412619048,0.051678877,0.007936508,0,-1,0,-1,0,-1,-1,2
400,0.883947672,0.75862069,0.977272727,0,0,0.76,0,1,0.153846154,0.230769231,0.93,0.7,1,0,0,0.961684982,0.75,1.166666667,0,0,1,1,1,0,0,0.956666667,0.9,1,0.917391304,0.9,0.934782609,1,0,1,0,0,3,0.8468307,0.094213477,-0.142380952,0.028253968,0,1,1.33,1,3.33,0,-1,-1,2
99,0.685690168,0.487179487,0.815789474,0,0.555555556,0.947692308,0.81,1,0,0,0.785714286,0.642857143,1,0,0.2,0.889142247,0,1.166666667,0.038461538,0.115384615,0.980769231,0.75,1,0,0,0.373333333,0.05,0.75,0.674154589,0.522222222,0.826086957,1,0,0,1,1,0,0.8248653,-0.173504356,-0.029761905,-0.181788767,0.035714286,1,1.67,1,0,0,-1,-1,2
87,0.514683562,0,0.795454545,0.222222222,0.666666667,0.608461538,0,1,0.230769231,0.461538462,0,0,0,1,1,0.768418803,0,1.166666667,0.192307692,0.269230769,0.076923077,0,1,0.923076923,0.923076923,0.876666667,0.75,1,0.840458937,0.822222222,0.858695652,1,0,0,0,2,0,0.6273698,0.014823729,-0.263333333,-0.060769231,-0.142857143,1,0,0,-1,0,-1,-1,2
243,0.658702603,0,0.973684211,0.111111111,0.555555556,0.89,0.58,1,0,0.153846154,0.22,0,0.7,0.6,0.8,0.88464591,0,1.166666667,0.076923077,0.076923077,1,1,1,0,0,0.89,0.71,0.99,0.752294686,0.711111111,0.793478261,1,0,1,0,0,2,0.8408592,0.014280106,-0.055714286,-0.174078144,0,1,2.67,1,1.33,0,-1,-1,2
336,0.425401415,0.256410256,0.605263158,0,1,0.862307692,0.2,1,0,0.076923077,0.67,0.3,0.8,0,0.2,0.95514652,0.75,1.166666667,0,0,1,1,1,0,0,0.243333333,0,0.6,0.42173913,0.3,0.543478261,1,0,0,0,0,0,0.7216481,-0.26150834,0.094761905,-0.046190476,0,0,-1,0,-1,0,-1,-1,2
198,0.867025345,0.657894737,1,0,0.111111111,0.929230769,0.63,1,0,0.153846154,0.828571429,0.7,0.95,0,0,0.969887057,0.7,1,0,0,1,1,1,0,0,0.95,0.92,0.98,0.889975845,0.877777778,0.902173913,1,0,1,0,0,3,0.9225288,0.058769174,-0.103809524,-0.02481685,0,1,3.33,1,3.67,1,3.67,-1,2
19,0.681930038,0.512820513,0.795454545,0,0.555555556,0.813076923,0.28,1,0,0.230769231,0.65,0.4,0.95,0,0.6,0.737472527,0,1.166666667,0.038461538,0.346153846,0.923076923,0,1,0.076923077,0.076923077,0.456666667,0.28,0.56,0.746980676,0.722222222,0.77173913,0,1,0,1,0,0,0.7463831,-0.020531669,0.059285714,-0.134603175,0.142857143,1,0,0,-1,1,3.67,-1,2
362,0.864160891,0.763157895,0.974358974,0,0,0.730769231,0,1,0.153846154,0.307692308,0.672857143,0,1,0.2,0.2,0.922948718,0,1.166666667,0.038461538,0.076923077,0.769230769,0,1,0.230769231,0.230769231,0.913333333,0.8,0.99,0.873671498,0.869565217,0.877777778,1,0,0,0,1,6,0.8066246,-0.000364466,-0.499761905,-0.113076923,-0.5,1,3.67,1,0,0,-1,-1,2
142,0.901876489,0.772727273,0.976190476,0,0,0.937692308,0.72,1,0,0,0.891428571,0.7,1,0,0,0.984737485,0.766666667,1.166666667,0,0,1,1,1,0,0,0.896666667,0.75,1,0.950603865,0.945652174,0.955555556,1,0,1,0,0,4,0.9382915,-0.007026926,-0.045238095,-0.005372405,0,1,3.67,1,3.67,1,4,-1,2
190,0.637166487,0.514285714,0.842105263,0,0.777777778,0.717692308,0,1,0.076923077,0.307692308,0.49,0,1,0.4,0.6,0.917509158,0,1.166666667,0.038461538,0.038461538,1,1,1,0,0,0.78,0.66,0.97,0.812681159,0.766666667,0.858695652,1,0,1,0,0,2,0.7492084,0.004972793,-0.268095238,0.036605617,0,1,0,0,-1,1,3.67,-1,2
56,0.60806206,0.428571429,0.80952381,0,0.888888889,0.944615385,0.75,1,0,0,0.742857143,0.4,1,0,0.4,0.973162393,0.833333333,1.166666667,0,0,1,1,1,0,0,0.45,0.18,0.75,0.592149758,0.477777778,0.706521739,1,0,0,1,0,0,0.8269275,-0.00369923,-0.055,-0.014358974,0,1,2.67,1,2.67,0,-1,-1,2
110,0.528037013,0.289473684,0.75862069,0,0.777777778,0.934615385,0.8,1,0,0,0.775714286,0.642857143,0.9,0,0.2,0.954130037,0.5,1.166666667,0,0.038461538,0.923076923,0,1,0.076923077,0.076923077,0.4,0.04,0.76,0.657850242,0.522222222,0.793478261,1,0,0,1,0,0,0.8062027,-0.238822347,-0.055,-0.0647558,-0.166666667,1,1.33,1,1,0,-1,-1,2
333,0.741881581,0.526315789,0.9,0,0.333333333,0.468461538,0,1,0.461538462,0.538461538,0,0,0,1,1,0.7502442,0,1,0.192307692,0.192307692,0.955128205,0.666666667,1,0,0.076923077,0.85,0.77,1,0.790942029,0.766666667,0.815217391,1,0,0,0,1,0,0.6152591,-0.088142642,-0.87,-0.235531136,-0.097222222,0,-1,0,-1,0,-1,-1,2
347,0.562911626,0.282051282,0.724137931,0,0.666666667,0.963076923,0.79,1,0,0,0.817142857,0.3,1,0,0.2,0.974423077,0.825,1.166666667,0,0,1,1,1,0,0,0.283333333,0,0.62,0.641183575,0.488888889,0.793478261,0,1,0,1,0,0,0.8165333,-0.276904895,-0.045952381,-0.001410256,0,0,-1,0,-1,0,-1,-1,2
145,0.277285167,0,1,0.666666667,0.666666667,0.230769231,0,1,0.769230769,0.769230769,0,0,0,1,1,0.184615385,0,1,0.807692308,0.807692308,0,0,0,1,1,0.326666667,0,0.98,0.440217391,0,0.880434783,1,0,0,1,1,0,0.2332712,-0.4991133,-0.428571429,-0.369230769,0,0,-1,0,-1,0,-1,-1,2
128,0.714087643,0.523809524,1,0,0.444444444,0.886923077,0.09,1,0,0.076923077,0.661428571,0.4,0.85,0,0.4,0.977619048,0.833333333,1.166666667,0,0,1,1,1,0,0,0.42,0.23,0.7,0.691183575,0.588888889,0.793478261,1,0,0,1,0,0,0.8111364,0.004368963,-0.127380952,0.017753358,0,1,2,0,-1,0,-1,-1,2
81,0.845746006,0.714285714,1,0,0,0.893076923,0.1,1,0,0.076923077,0.89,0.6,1,0,0.2,0.943861416,0.7,1,0,0,1,1,1,0,0,0.706666667,0.61,0.78,0.868236715,0.858695652,0.877777778,1,0,1,0,4,0,0.8774688,0.032478683,-0.098571429,-0.023876679,0,0,-1,0,-1,0,-1,-1,2
38,0.776353303,0.692307692,0.928571429,0,0.111111111,0.951538462,0.87,1,0,0,0.847142857,0.7,1,0,0,0.893128816,0.333333333,1,0,0.076923077,0.923076923,0,1,0.076923077,0.076923077,0.883333333,0.7,1,0.839855072,0.766666667,0.913043478,1,0,1,0,0,2,0.9028356,-0.081195606,-0.05547619,-0.03506105,0.142857143,1,3,1,2,1,3.67,-1,2
293,0.833451222,0.628571429,0.965517241,0,0.111111111,0.976923077,0.93,1,0,0,0.935714286,0.75,1,0,0,0.930921856,0.7,1.166666667,0,0,0.984615385,0.8,1,0,0,0.75,0.58,0.88,0.867391304,0.8,0.934782609,0,1,1,0,4,0,0.9230406,-0.016236307,0.005714286,-0.058253968,0.028571429,0,-1,0,-1,1,3.67,-1,2
334,0.557353596,0.315789474,0.761904762,0,0.666666667,0.931538462,0.79,1,0,0,0.87,0.4,1,0,0.2,0.966706349,0.75,1.166666667,0,0,1,1,1,0,0,0.22,0.06,0.47,0.620531401,0.588888889,0.652173913,1,0,0,1,0,0,0.7890332,-0.257984356,-0.074047619,-0.023241758,0,1,2.33,1,1.67,0,-1,-1,2
166,0.299207536,0,0.620689655,0.333333333,1,0.308461538,0,1,0.538461538,0.769230769,0.315714286,0,0.928571429,0.6,0.8,0.367875458,0,1,0.461538462,0.692307692,0.692307692,0,1,0.307692308,0.307692308,0.086666667,0,0.26,0.266304348,0,0.532608696,1,0,1,0,0,2,0.3022001,-0.477209929,-0.572857143,-0.726520147,-0.666666667,0,-1,0,-1,0,-1,-1,2
295,0.755711591,0.615384615,0.9,0,0.222222222,0.852307692,0,1,0.076923077,0.153846154,1,1,1,0,0,0.772460317,0,1,0.12,0.28,0.833333333,0,1,0.166666667,0.166666667,0.836666667,0.55,0.99,0.801666667,0.773333333,0.83,1,0,1,0,2,2,0.8283,-0.072456408,-0.245714286,-0.340493997,-0.333333333,1,2.33,1,1,0,-1,-1,3
131,0.52385895,0,0.825,0.222222222,0.555555556,0.764615385,0.41,1,0,0.307692308,0,0,0,1,1,0.783222222,0,1,0.12,0.24,0,0,0,1,1,0.973333333,0.92,1,0.673333333,0.58,0.766666667,1,0,0,0,0,0,0.7095,-0.018930999,-0.284047619,-0.054540598,0,0,-1,0,-1,0,-1,-1,3
50,0.336544688,0,0.764705882,0.333333333,0.888888889,0.271538462,0,1,0.692307692,0.769230769,0.2,0,0.4,0.5,1,0.64008254,0,1,0.28,0.36,0.625565476,0,1,0.333333333,0.333333333,0.306666667,0,0.92,0.26,0,0.52,0,1,0,0,0,0,0.3664,-0.468823917,-0.504285714,-0.686437729,-0.679702381,0,-1,0,-1,0,-1,-1,3
121,0.503290009,0.170731707,0.764705882,0,0.777777778,0.779230769,0,1,0.076923077,0.230769231,0.7,0.6,0.8,0,0.5,0.825057143,0.3,1,0,0.24,0.863492063,0,1,0.083333333,0.166666667,0.3,0.02,0.82,0.578333333,0.55,0.606666667,1,0,0,0,0,0,0.702,-0.274669672,-0.326666667,-0.202020248,0.193650794,0,-1,0,-1,0,-1,-1,3
182,0.36244801,0,0.909090909,0.555555556,0.666666667,0.293846154,0,1,0.692307692,0.692307692,0,0,0,1,1,0.261333333,0,1,0.72,0.72,0.25,0,1,0.75,0.75,0.316666667,0,0.95,0,0,0,1,0,0,0,1,0,0.2972,-0.652406417,-0.545714286,-0.369017094,-0.166666667,0,-1,0,-1,0,-1,-1,3
352,0.334259259,0,0.7,0.444444444,0.888888889,0.589230769,0,1,0.307692308,0.384615385,0,0,0,1,1,0.339466667,0,1,0.6,0.68,0.666666667,0,1,0.333333333,0.333333333,0.156666667,0,0.47,0.27,0,0.54,0,1,0,1,0,0,0.4698,-0.432916667,-0.311190476,-0.503247863,-0.666666667,0,-1,0,-1,0,-1,-1,3
394,0.516816706,0.333333333,0.9,0,0.888888889,0.488461538,0,0.95,0.384615385,0.538461538,0.5,0.2,0.8,0,0.5,0.756444444,0,1,0.08,0.28,0.534722222,0,1,0.416666667,0.5,0.633333333,0.45,1,0.638333333,0.63,0.646666667,1,0,0,0,1,0,0.5734,-0.146975246,-0.656428571,-0.365847578,-0.430555556,0,-1,0,-1,0,-1,-1,3
316,0.443735377,0.051282051,0.666666667,0,1,0.849230769,0.5,1,0,0.153846154,0.4,0.2,0.6,0,1,0.796211111,0.1,1,0,0.2,0.741865079,0,1,0.083333333,0.25,0.35,0.03,0.98,0.591666667,0.53,0.653333333,1,0,0,1,0,0,0.7226,-0.202898877,-0.035714286,-0.243139754,-0.082936508,0,-1,0,-1,0,-1,-1,3
1,0.633652528,0,0.826086957,0.111111111,0.333333333,0.589230769,0,0.98,0.230769231,0.384615385,0.9,0.8,1,0,0,0.915561905,0,1,0.04,0.08,0.266666667,0,1,0.666666667,0.75,0.46,0.08,1,0.765,0.75,0.78,1,0,1,0,0,3,0.6517,-0.255725663,-0.688809524,-0.123409646,-0.2,0,-1,0,-1,0,-1,-1,3
236,0.908839927,0.846153846,1,0,0,0.878461538,0.57,1,0,0.153846154,0.8,0.8,0.8,0,0,0.956,0.7,1,0,0,0.972916667,0.8,1,0,0,0.993333333,0.98,1,0.923333333,0.92,0.926666667,1,0,1,0,0,3,0.9116,-0.034094122,0.092619048,-0.009757835,0.054166667,1,4,1,3.67,0,-1,-1,3
395,0.787765337,0.566666667,0.9,0,0.222222222,0.964615385,0.85,1,0,0,0.9,0.8,1,0,0,0.936539683,0.75,1,0,0,0.955208333,0.75,1,0,0,0.88,0.66,1,0.856666667,0.853333333,0.86,1,0,1,0,0,4,0.9224,0.105867731,-0.024047619,-0.019520757,0.047916667,1,4,1,4,0,-1,-1,3
357,0.589286793,0.153846154,0.818181818,0,0.555555556,0.489230769,0,1,0.307692308,0.615384615,0.5,0.2,0.8,0,0.5,0.871888889,0.2,1,0,0.16,0.85328373,0,1,0.083333333,0.083333333,0.363333333,0.04,1,0.576666667,0.513333333,0.64,1,0,1,0,0,2,0.5839,-0.171297229,-0.654761905,-0.131061762,-0.22093254,0,-1,0,-1,0,-1,-1,3
69,0.353320002,0,0.558823529,0.111111111,1,0.281538462,0,1,0.692307692,0.692307692,0,0,0,1,1,0.605533333,0,1,0.28,0.44,0.73125,0,1,0.25,0.25,0.356666667,0,0.9,0.405,0.32,0.49,1,0,1,0,0,2,0.3881,-0.27758013,-0.522857143,-0.338899573,-0.4625,0,-1,0,-1,0,-1,-1,3
167,0.689625963,0.484848485,0.852941176,0,0.333333333,0.755384615,0.06,1,0,0.230769231,1,1,1,0,0,0.893339683,0,1,0.04,0.04,0.985714286,0.9,1,0,0,0.543333333,0.12,0.87,0.75,0.64,0.86,1,0,0,1,0,0,0.7671,0.014368979,-0.186428571,0.083778999,0.004761905,0,-1,1,2.33,0,-1,-1,3
133,0.713329089,0.512195122,0.833333333,0,0.444444444,0.844615385,0.45,1,0,0.153846154,0.5,0.2,0.8,0,0.5,0.882965079,0.5,1,0,0.16,0.893253968,0.285714286,1,0,0.166666667,0.793333333,0.5,1,0.775,0.73,0.82,1,0,0,1,0,0,0.8274,-0.084976127,-0.150952381,-0.10239011,-0.163492063,1,3,1,2.33,0,-1,-1,3
147,0.480142651,0.146341463,0.8875,0,0.888888889,0.862307692,0.65,1,0,0.076923077,0.3,0,0.6,0.5,1,0.812547619,0,1,0.04,0.24,0.977430556,0.875,1,0,0,0.286666667,0.03,0.75,0.476666667,0.433333333,0.52,1,0,0,1,0,0,0.7294,-0.207182377,-0.072380952,-0.237137515,0.017361111,1,0,0,-1,0,-1,-1,3
60,0.804651104,0.6,0.95,0,0.333333333,0.806153846,0.32,0.97,0,0.230769231,0.3,0,0.6,0.5,1,0.800869841,0,1,0.08,0.16,0.333333333,0,1,0.666666667,0.666666667,0.913333333,0.84,1,0.888333333,0.886666667,0.89,1,0,1,0,0,3,0.818,-0.075002931,0.059761905,-0.258718966,-0.333333333,1,2.33,1,3.67,1,4,-1,3
398,0.956394047,0.869565217,1,0,0,0.991538462,0.94,1,0,0,0.9,0.8,1,0,0,0.98727619,0.833333333,1,0,0,1,1,1,0,0,1,1,1,0.958333333,0.926666667,0.99,1,0,1,0,4,6,0.984,-0.013969009,0.015714286,-0.002240537,0,0,-1,0,-1,0,-1,-1,3
338,0.508977354,0.268292683,0.735294118,0,0.777777778,0.775384615,0.12,1,0,0.307692308,0.4,0.2,0.6,0,1,0.844153968,0.083333333,1,0,0.24,0.852678571,0,1,0.083333333,0.166666667,0.28,0.05,0.66,0.633333333,0.606666667,0.66,1,0,0,0,0,2,0.7025,-0.21556967,-0.14,-0.237377646,-0.294642857,0,-1,0,-1,0,-1,-1,3
70,0.618181818,0.45,0.87804878,0,0.666666667,0.814615385,0.42,1,0,0.153846154,0,0,0,1,1,0.840590476,0.083333333,1,0,0.12,0.974206349,0.833333333,1,0,0,0.783333333,0.58,0.97,0.723333333,0.7,0.746666667,1,0,1,0,0,3,0.7864,0.102453208,-0.154047619,-0.175738706,-0.051587302,1,1,0,-1,0,-1,-1,3
277,0.849961858,0.658536585,1,0,0.111111111,0.912307692,0.66,1,0,0.076923077,0.9,0.8,1,0,0,0.8752,0,1,0.08,0.16,1,1,1,0,0,0.976666667,0.93,1,0.92,0.9,0.94,1,0,1,0,0,2,0.906,-0.056516302,-0.025952381,-0.14034188,0,1,3.67,1,3,1,3.33,-1,3
144,0.601962202,0.170731707,0.823529412,0,0.555555556,0.85,0.42,1,0,0.076923077,0.8,0.6,1,0,0.5,0.922177778,0.5,1,0,0.08,0.921904762,0.778333333,1,0,0,0.4,0.09,0.91,0.658333333,0.65,0.666666667,1,0,1,0,0,2,0.7819,-0.220946007,-0.117619048,0.004537037,-0.06452381,0,-1,0,-1,0,-1,-1,3
325,0.864080956,0.696969697,1,0,0.111111111,0.846153846,0.69,1,0,0.076923077,0.7,0.6,0.8,0,0.5,0.958380952,0.142857143,1,0,0.04,0.956547619,0.75,1,0,0,1,1,1,0.86,0.84,0.88,1,0,1,0,0,3,0.8843,0.064569851,0.044285714,-0.070680708,-0.020238095,1,3.67,1,3,1,3,-1,3
26,0.611120144,0.317073171,0.75,0,0.666666667,0.783076923,0.47,1,0,0.230769231,0.6,0.4,0.8,0,0.5,0.868919048,0.5,1,0,0.08,0.908333333,0,1,0.083333333,0.083333333,0.463333333,0.18,0.98,0.785,0.77,0.8,1,0,1,0,1,5,0.7567,-0.043763098,-0.213095238,-0.13572268,-0.15,1,2,0,-1,0,-1,-1,3
294,0.877371167,0.696969697,0.95,0,0.111111111,0.962307692,0.87,1,0,0,0.4,0,0.8,0.5,0.5,0.977244444,0.8,1,0,0,0.75,0,1,0.25,0.25,0.96,0.88,1,0.79,0.76,0.82,1,0,0,0,1,0,0.9403,0.049412665,-0.029047619,-0.007877493,-0.166666667,1,4,1,3.33,0,-1,-1,3
240,0.582385716,0,0.85,0.111111111,0.666666667,0.418461538,0,1,0.461538462,0.692307692,0.2,0,0.4,0.5,1,0.91088254,0,1,0.04,0.04,0.733333333,0,1,0.25,0.25,0.516666667,0.21,0.97,0.658333333,0.63,0.686666667,0,1,0,0,1,2,0.5725,-0.250634814,-0.353095238,-0.097138787,-0.133333333,0,-1,0,-1,0,-1,-1,3
273,0.85180913,0.636363636,0.948717949,0,0.111111111,0.88,0.63,1,0,0.153846154,0.5,0,1,0.5,0.5,0.924438095,0,1,0.04,0.04,0.916666667,0,1,0.083333333,0.083333333,1,1,1,0.86,0.86,0.86,1,0,0,0,2,0,0.8945,0.085367333,-0.086666667,0.040585063,-0.166666667,1,3.67,1,3.67,0,-1,-1,3
171,0.844375484,0.636363636,1,0,0.111111111,0.926923077,0.75,1,0,0,1,1,1,0,0,0.972228571,0.8,1,0,0,0.987847222,0.916666667,1,0,0,0.98,0.95,1,0.87,0.86,0.88,1,0,1,0,0,3,0.9251,0.051636283,-0.062380952,0.010671551,-0.003472222,1,3.33,1,3.33,1,3,-1,3
232,0.359001783,0,0.676470588,0.333333333,1,0.335384615,0,1,0.615384615,0.692307692,0.5,0.2,0.8,0,0.5,0.598042857,0,1,0.24,0.44,0.317708333,0,1,0.666666667,0.666666667,0.333333333,0,1,0.255,0,0.51,1,0,0,1,0,0,0.3989,-0.533703209,-0.622857143,-0.726960979,-0.635416667,0,-1,0,-1,0,-1,-1,3
276,0.596572914,0.268292683,0.852941176,0,0.777777778,0.857692308,0.45,1,0,0.076923077,0.4,0,0.8,0.5,0.5,0.924825397,0.75,1,0,0,0.991666667,0.9,1,0,0,0.263333333,0.09,0.59,0.591666667,0.493333333,0.69,0,1,0,0,1,0,0.7676,-0.251761745,-0.131904762,-0.115659341,0.016666667,0,-1,0,-1,0,-1,-1,3
132,0.816730092,0,1,0.111111111,0.111111111,0.9,0,1,0.076923077,0.076923077,0.4,0,0.8,0.5,0.5,0.917066667,0,1,0.08,0.08,0.916666667,0,1,0.083333333,0.083333333,1,1,1,0.91,0.88,0.94,1,0,0,1,3,0,0.9008,-0.230833229,-0.154761905,-0.166367521,-0.166666667,1,2,1,1,0,-1,-1,3
173,0.624726339,0,0.878787879,0.111111111,0.555555556,0.594615385,0,1,0.230769231,0.461538462,0.2,0,0.4,0.5,1,0.657771429,0,1,0.24,0.36,0.75,0,1,0.25,0.25,0.363333333,0.08,0.71,0.783333333,0.78,0.786666667,0,1,1,0,0,2,0.6216,0.02856207,-0.036428571,-0.312335165,-0.166666667,1,0,0,-1,0,-1,-1,3
265,0.7126975,0.515151515,0.825,0,0.222222222,0.896153846,0.54,1,0,0.076923077,0.9,0.8,1,0,0,0.948104762,0.733333333,1,0,0,1,1,1,0,0,0.823333333,0.57,1,0.806666667,0.76,0.853333333,1,0,0,0,1,6,0.8734,0.061838092,-0.16,-0.04920177,0,0,-1,0,-1,0,-1,-1,3
148,0.691722201,0.43902439,0.825,0,0.333333333,0.962307692,0.88,1,0,0,0.8,0.8,0.8,0,0,0.935333333,0.6,1,0,0.04,0.965277778,0.583333333,1,0,0.083333333,0.616666667,0.33,1,0.715,0.67,0.76,1,0,0,1,0,0,0.8763,-0.06853815,-0.007380952,-0.038568376,-0.069444444,1,2.67,1,3,1,3.33,-1,3
187,0.589078747,0.282051282,0.9375,0,0.666666667,0.674615385,0,1,0.076923077,0.384615385,0.4,0.2,0.6,0,1,0.907028571,0.6,1,0,0.08,0.566964286,0,1,0.333333333,0.416666667,0.513333333,0.12,0.95,0.513333333,0.5,0.526666667,1,0,0,1,0,0,0.687,-0.283292739,-0.472857143,-0.023131868,-0.491071429,0,-1,0,-1,0,-1,-1,3
208,0.836636619,0.727272727,0.909090909,0,0,0.791538462,0,1,0.076923077,0.230769231,0.9,0.8,1,0,0,0.963709524,0.76,1,0,0,0.833333333,0,1,0.166666667,0.166666667,1,1,1,0.766666667,0.753333333,0.78,1,0,0,1,0,0,0.8505,-0.000990066,-0.340238095,-0.016081349,-0.333333333,1,3,0,-1,0,-1,-1,3
149,0.817581019,0.609756098,0.9,0,0.111111111,0.745384615,0,1,0.153846154,0.230769231,0.5,0,1,0.5,0.5,0.8992,0,1,0.04,0.08,0.519345238,0,1,0.416666667,0.5,0.76,0.28,1,0.718333333,0.65,0.786666667,1,0,1,0,0,3,0.7929,-0.076432012,-0.372142857,-0.117407407,-0.294642857,1,2,1,2.67,1,2,-1,3
61,0.733869091,0.463414634,0.891304348,0,0.444444444,0.749230769,0.44,1,0,0.461538462,0.9,0.8,1,0,0,0.85131746,0.45,1,0,0.2,0.909722222,0,1,0.083333333,0.083333333,0.633333333,0.32,0.98,0.878333333,0.81,0.946666667,1,0,0,1,0,0,0.778,-0.049610053,-0.249285714,-0.171019027,-0.180555556,1,2.67,1,2,1,1.33,-1,3
186,0.892949002,0.731707317,1,0,0,0.749230769,0,1,0.076923077,0.307692308,1,1,1,0,0,0.90051746,0,1,0.04,0.04,0.719345238,0,1,0.25,0.25,0.953333333,0.86,1,0.801666667,0.753333333,0.85,1,0,1,0,0,3,0.8267,-0.108993088,-0.305,-0.112907509,-0.194642857,1,1.67,1,2.33,0,-1,-1,3
206,0.608578703,0.424242424,0.787878788,0,0.888888889,0.827692308,0.61,1,0,0.230769231,0.5,0.2,0.8,0,0.5,0.917892063,0.6,1,0,0.08,0.994047619,0.928571429,1,0,0,0.58,0.29,0.9,0.555,0.53,0.58,1,0,0,0,0,2,0.7803,-0.028064228,-0.100952381,0.038954009,-0.011904762,0,-1,0,-1,0,-1,-1,3
364,0.877215485,0.727272727,0.974358974,0,0,0.949230769,0.83,1,0,0,0.9,0.8,1,0,0,0.993333333,0.9,1,0,0,0.994047619,0.928571429,1,0,0,1,1,1,0.873333333,0.866666667,0.88,1,0,0,0,0,4,0.9462,0.051448745,-0.001666667,0.002136752,-0.011904762,0,-1,0,-1,0,-1,-1,3
76,0.607510958,0,0.852941176,0.222222222,0.222222222,0.468461538,0,1,0.384615385,0.615384615,0,0,0,1,1,0.58911746,0,1,0.28,0.48,0.561309524,0,1,0.416666667,0.416666667,0.306666667,0,0.92,0,0,0,1,0,0,0,1,0,0.4862,-0.42487842,-0.693571429,-0.566678877,-0.527380952,0,-1,0,-1,0,-1,-1,3
175,0.699100291,0.606060606,0.9,0,0.555555556,0.679230769,0.39,1,0,0.538461538,0.4,0.4,0.4,0,1,0.899080952,0,1,0.04,0.08,0.660714286,0,1,0.333333333,0.333333333,0.886666667,0.76,0.97,0.6,0.58,0.62,1,0,0,0,0,2,0.7382,-0.020633971,-0.072857143,-0.098170279,-0.011904762,0,-1,0,-1,0,-1,-1,3
21,0.569904523,0,0.882352941,0.111111111,0.777777778,0.747692308,0,1,0.153846154,0.307692308,0,0,0,1,1,0.780812698,0,1,0.16,0.2,0.795039683,0,1,0.166666667,0.166666667,0.923333333,0.9,0.95,0.75,0.7,0.8,0,1,0,0,1,0,0.7462,-0.250682738,-0.165952381,-0.355729548,-0.359920635,1,0,0,-1,0,-1,-1,3
199,0.539977641,0.384615385,0.6875,0,1,0.893846154,0.74,1,0,0,0.5,0.2,0.8,0,0.5,0.960190476,0.7,1,0,0,0.987847222,0.916666667,1,0,0,0.476666667,0.08,1,0.616666667,0.58,0.653333333,1,0,1,0,0,3,0.8066,0.019050627,-0.103095238,-0.051648352,-0.003472222,0,-1,0,-1,0,-1,-1,3
202,0.40227145,0.025641026,0.625,0,1,0.713846154,0,1,0.153846154,0.307692308,0.4,0.2,0.6,0,1,0.875949206,0.1,1,0,0.08,0.940277778,0.7,1,0,0,0.256666667,0,0.75,0.536666667,0.46,0.613333333,1,0,0,1,0,0,0.655,-0.269481484,-0.520952381,-0.155569801,0.063888889,0,-1,0,-1,0,-1,-1,3
196,0.463965503,0.073170732,0.764705882,0,0.888888889,0.444615385,0,1,0.384615385,0.615384615,0,0,0,1,1,0.793777778,0,1,0.04,0.24,0.596160714,0,1,0.25,0.416666667,0.443333333,0.18,0.92,0.6,0.56,0.64,1,0,0,0,1,0,0.5267,-0.254058902,-0.59047619,-0.190135328,-0.237956349,0,-1,0,-1,0,-1,-1,3
20,0.428042843,0.097560976,0.647058824,0,1,0.863846154,0.51,1,0,0.153846154,0.8,0.8,0.8,0,0,0.876749206,0.2,1,0,0.08,0.824503968,0,1,0.083333333,0.083333333,0.353333333,0.08,0.79,0.555,0.51,0.6,1,0,0,0,2,6,0.7413,-0.216148256,-0.08452381,-0.088579569,-0.262103175,0,-1,0,-1,0,-1,-1,3
137,0.89784733,0.727272727,1,0,0,0.92,0.72,1,0,0,0.8,0.8,0.8,0,0,0.950536508,0.75,1,0,0,0.996527778,0.958333333,1,0,0,0.96,0.88,1,0.881666667,0.83,0.933333333,1,0,1,0,0,2,0.9262,-0.020645648,-0.052619048,-0.083207672,-0.006944444,0,-1,0,-1,0,-1,-1,3
75,0.653827174,0.358974359,0.975,0,0.444444444,0.774615385,0.06,1,0,0.153846154,0,0,0,1,1,0.896863492,0.5,1,0,0.12,0.825625,0,1,0.083333333,0.166666667,0.313333333,0.06,0.63,0.616666667,0.613333333,0.62,1,0,1,0,0,2,0.7324,-0.270392869,-0.058095238,-0.066465201,-0.317916667,0,-1,0,-1,0,-1,-1,3
49,0.844487438,0,1,0.111111111,0.111111111,0.9,0,1,0.076923077,0.076923077,1,1,1,0,0,0.952095238,0,1,0.04,0.04,1,1,1,0,0,0.986666667,0.96,1,0.923333333,0.9,0.946666667,1,0,0,0,1,0,0.9138,-0.203552998,-0.167142857,-0.076144689,0,0,-1,0,-1,0,-1,-1,3
384,0.833225254,0.633333333,0.95,0,0.222222222,0.91,0.83,1,0,0,1,1,1,0,0,0.966044444,0.8,1,0,0,0.916666667,0,1,0.083333333,0.083333333,0.746666667,0.27,1,0.863333333,0.826666667,0.9,1,0,0,1,0,0,0.9028,-0.024908953,0.012380952,0.001552707,-0.166666667,1,3,1,1,0,-1,-1,3
74,0.63153503,0.424242424,0.8375,0,0.666666667,0.881538462,0.55,1,0,0.076923077,0.5,0,1,0.5,0.5,0.948380952,0.75,1,0,0,0.969444444,0.8,1,0,0,0.52,0.21,0.84,0.701666667,0.61,0.793333333,1,0,1,0,0,3,0.8195,-0.036803535,-0.117380952,0.003113553,0.005555556,1,2.33,1,2.33,0,-1,-1,3
73,0.235690236,0,0.9,0.666666667,0.777777778,0.147692308,0,1,0.846153846,0.846153846,0.5,0,1,0.5,0.5,0.2648,0,1,0.68,0.76,0.495833333,0,1,0.5,0.5,0,0,0,0,0,0,1,0,0,0,0,0,0.1929,-0.424242424,-0.274285714,-0.509230769,-0.991666667,0,-1,1,2.33,0,-1,-1,3
45,0.601843411,0.35,0.852941176,0,0.777777778,0.926153846,0.78,1,0,0,0.4,0.2,0.6,0,1,0.951720635,0.2,1,0,0.04,0.991666667,0.9,1,0,0,0.806666667,0.47,1,0.668333333,0.646666667,0.69,1,0,0,0,1,4,0.8602,0.051915055,-0.011428571,-0.076314611,0.016666667,1,2,1,1.67,0,-1,-1,3
85,0.415618676,0,0.766666667,0.333333333,0.777777778,0.402307692,0,1,0.538461538,0.615384615,0.8,0.8,0.8,0,0,0.539809524,0,1,0.4,0.48,0.466666667,0,1,0.5,0.583333333,0.283333333,0,0.85,0.31,0,0.62,1,0,0,0,0,0,0.4382,-0.542678834,-0.747142857,-0.854945055,-0.933333333,0,-1,0,-1,0,-1,-1,3
52,0.570587432,0.333333333,0.8,0,0.777777778,0.782307692,0.36,1,0,0.307692308,0.5,0,1,0.5,0.5,0.88454127,0,1,0.04,0.04,0.777380952,0,1,0.166666667,0.166666667,0.3,0,0.85,0.605,0.55,0.66,1,0,0,0,0,2,0.7245,-0.169333358,-0.162142857,-0.092467186,-0.078571429,0,-1,0,-1,0,-1,-1,3
305,0.546604121,0.146341463,0.787878788,0,0.666666667,0.705384615,0,1,0.076923077,0.230769231,0.5,0.2,0.8,0,0.5,0.774692063,0.1,1,0,0.24,0.740327381,0,1,0.166666667,0.333333333,0.36,0.03,0.95,0.676666667,0.58,0.773333333,1,0,0,1,0,0,0.6738,-0.336307171,-0.25452381,-0.201534392,-0.290178571,0,-1,0,-1,0,-1,-1,3
242,0.667953024,0,0.95,0.222222222,0.222222222,0.362307692,0,0.99,0.538461538,0.692307692,0,0,0,1,1,0.852590476,0,1,0.12,0.12,0.554761905,0,1,0.333333333,0.416666667,0.596666667,0,1,0.808333333,0.806666667,0.81,1,0,0,0,1,0,0.5459,-0.443536178,-0.508809524,-0.291840659,0.065079365,0,-1,0,-1,0,-1,-1,3
126,0.789046901,0.6,0.9,0,0.222222222,0.864615385,0.53,1,0,0.153846154,1,1,1,0,0,0.904857143,0.32,1,0,0.08,0.983928571,0.857142857,1,0,0,0.696666667,0.17,1,0.745,0.73,0.76,1,0,1,0,0,2,0.8521,0.007842158,-0.209761905,-0.138079976,-0.01547619,1,2,1,2,0,-1,-1,3
224,0.280527751,0,0.575757576,0.333333333,1,0.124615385,0,0.95,0.846153846,0.923076923,0,0,0,1,1,0.374436508,0,1,0.52,0.64,0.618650794,0,1,0.333333333,0.333333333,0.126666667,0,0.38,0.381666667,0.273333333,0.49,1,0,0,1,1,0,0.2389,-0.49341149,-0.231428571,-0.710054182,-0.354365079,0,-1,0,-1,0,-1,-1,3
313,0.775208998,0.633333333,0.95,0,0.555555556,0.876923077,0.73,1,0,0,0.6,0.6,0.6,0,1,0.939549206,0.65,1,0,0.04,0.8125,0,1,0.166666667,0.166666667,0.776666667,0.41,1,0.783333333,0.74,0.826666667,1,0,1,0,0,3,0.8658,0.020623988,-0.127380952,-0.008061661,-0.375,1,3,1,2,0,-1,-1,3
382,0.833771289,0.757575758,0.951219512,0,0,0.783846154,0,1,0.076923077,0.153846154,0.4,0,0.8,0.5,0.5,0.923530159,0.733333333,1,0,0,0.880059524,0,1,0.083333333,0.083333333,0.843333333,0.53,1,0.786666667,0.76,0.813333333,1,0,0,1,0,0,0.8292,0.051018822,-0.072142857,-0.082032967,-0.206547619,1,1,1,0,0,-1,-1,3
39,0.91082165,0.804878049,1,0,0,0.926153846,0.85,1,0,0,0.7,0.4,1,0,0.5,0.94751746,0.32,1,0,0.04,0.903769841,0,1,0.083333333,0.083333333,1,1,1,0.91,0.9,0.92,1,0,1,0,0,2,0.9336,-0.041226155,-0.01452381,-0.04543956,-0.192460317,1,3.67,1,3,0,-1,-1,3
331,0.70721883,0.545454545,0.804878049,0,0.333333333,0.878461538,0.7,1,0,0,0.8,0.6,1,0,0.5,0.900031746,0.48,1,0,0.12,0.950575397,0.778333333,1,0,0,0.906666667,0.84,0.98,0.693333333,0.68,0.706666667,1,0,1,0,0,2,0.8499,0.137746378,-0.04047619,0.024333537,-0.08218254,1,0,1,2.33,1,3,-1,3
246,0.618035906,0.475,0.852941176,0,0.888888889,0.619230769,0,1,0.230769231,0.461538462,0.7,0.4,1,0,0.5,0.756977778,0,1,0.16,0.28,0.725,0,1,0.25,0.25,0.553333333,0.13,1,0.628333333,0.606666667,0.65,1,0,0,0,2,0,0.6576,-0.034720014,-0.503095238,-0.493475783,-0.45,0,-1,0,-1,0,-1,-1,3
250,0.69986663,0.393939394,0.891304348,0,0.444444444,0.696153846,0,1,0.153846154,0.307692308,0.6,0.4,0.8,0,0.5,0.945942857,0.366666667,1,0,0.04,0.964900794,0.833333333,1,0,0,0.626666667,0.4,1,0.783333333,0.76,0.806666667,1,0,1,0,0,2,0.7495,0.142119705,-0.277619048,-0.061642247,-0.070198413,0,-1,0,-1,0,-1,-1,3
235,0.830373715,0.606060606,0.970588235,0,0.111111111,0.939230769,0.87,1,0,0,0.9,0.8,1,0,0,0.946888889,0.6,1,0,0.08,1,1,1,0,0,0.97,0.95,1,0.823333333,0.806666667,0.84,1,0,1,0,0,3,0.9214,0.100667063,-0.02952381,0.025569801,0,1,3.67,1,2.33,1,3,-1,3
281,0.540047423,0.333333333,0.717391304,0,0.777777778,0.812307692,0.47,1,0,0.153846154,0.4,0.4,0.4,0,1,0.928228571,0.5,1,0,0.04,0.893472222,0,1,0.083333333,0.083333333,0.636666667,0.46,0.95,0.716666667,0.633333333,0.8,1,0,1,0,0,2,0.7765,0.048796542,-0.081666667,-0.103634514,0.120277778,1,1.33,0,-1,0,-1,-1,3
160,0.465344992,0.146341463,0.588235294,0,1,0.568461538,0,1,0.230769231,0.615384615,0.7,0.6,0.8,0,0.5,0.8418,0,1,0.04,0.12,0.793918651,0,1,0.083333333,0.166666667,0.326666667,0.03,0.86,0.536666667,0.52,0.553333333,1,0,0,1,0,0,0.592,-0.196600104,0.129761905,-0.21119709,0.015337302,0,-1,0,-1,0,-1,-1,3
255,0.677597403,0.512195122,0.787878788,0,0.555555556,0.676923077,0,1,0.230769231,0.230769231,0.6,0.2,1,0,0.5,0.920438095,0,1,0.04,0.04,0.720833333,0,1,0.25,0.25,0.57,0.31,1,0.58,0.56,0.6,1,0,1,0,0,3,0.7159,-0.065546217,-0.57,-0.14270757,-0.483333333,1,0,0,-1,0,-1,-1,3
375,0.621589694,0,0.909090909,0.111111111,0.444444444,0.502307692,0,1,0.307692308,0.538461538,0,0,0,1,1,0.595079365,0,1,0.32,0.44,0.408333333,0,1,0.583333333,0.583333333,0.393333333,0.07,1,0.595,0.56,0.63,1,0,0,0,1,0,0.5423,-0.219457949,-0.567619048,-0.427681115,-0.15,0,-1,0,-1,0,-1,-1,3
298,0.512893642,0,1,0.444444444,0.444444444,0.87,0,1,0.076923077,0.076923077,0.5,0,1,0.5,0.5,0.96,0,1,0.04,0.04,0.333333333,0,1,0.666666667,0.666666667,1,1,1,0.953333333,0.92,0.986666667,1,0,0,1,1,0,0.8428,-0.923208556,-0.241428571,-0.083333333,-0.333333333,1,0,0,-1,0,-1,-1,3
11,0.395494803,0,0.733333333,0.333333333,0.888888889,0.853076923,0.39,1,0,0.153846154,0,0,0,1,1,0.676171429,0,1,0.2,0.4,0.083333333,0,1,0.916666667,0.916666667,0.72,0.28,0.95,0.763333333,0.72,0.806666667,1,0,0,0,1,4,0.7217,-0.190477602,-0.182142857,-0.251031746,-0.166666667,0,-1,0,-1,0,-1,-1,3
319,0.636257784,0.424242424,0.794117647,0,0.444444444,0.89,0.63,1,0,0.076923077,0.6,0.4,0.8,0,0.5,0.959047619,0.6,1,0,0.04,0.989583333,0.875,1,0,0,0.706666667,0.15,1,0.663333333,0.66,0.666666667,1,0,1,0,0,2,0.8446,0.058488436,-0.11452381,-0.00976801,0.020833333,1,2.67,1,3,0,-1,-1,3
339,0.610497825,0.435897436,0.75,0,0.555555556,0.613076923,0,1,0.307692308,0.384615385,0.7,0.4,1,0,0.5,0.884028571,0,1,0.04,0.08,0.906746032,0.5,1,0,0.166666667,0.346666667,0.08,0.81,0.635,0.56,0.71,1,0,0,0,1,4,0.6507,-0.045403957,-0.411190476,-0.051639703,-0.186507937,0,-1,0,-1,0,-1,-1,3
159,0.805305212,0.636363636,0.95,0,0.222222222,0.76,0,0.96,0.076923077,0.230769231,0.4,0,0.8,0.5,0.5,0.833111111,0,1,0.12,0.16,0.916666667,0,1,0.083333333,0.083333333,0.926666667,0.8,1,0.868333333,0.846666667,0.89,1,0,1,0,2,2,0.8096,0.069249562,-0.188809524,-0.274679487,-0.166666667,1,3.67,1,0.67,0,-1,-1,3
300,0.492878486,0,0.941176471,0.333333333,0.555555556,0.445384615,0,1,0.538461538,0.538461538,0.5,0,1,0.5,0.5,0.62,0,1,0.36,0.36,0.5,0,1,0.5,0.5,0.333333333,0,1,0.333333333,0,0.666666667,1,0,0,1,0,0,0.4916,-0.535007363,-0.827142857,-0.743589744,-0.666666667,0,-1,0,-1,0,-1,-1,3
222,0.805329096,0.666666667,0.913043478,0,0.222222222,0.925384615,0.78,1,0,0,0.9,0.8,1,0,0,0.948920635,0.533333333,1,0,0.08,0.98125,0.875,1,0,0,0.676666667,0.31,0.87,0.836666667,0.82,0.853333333,1,0,0,0,2,0,0.8928,0.051014529,-0.028571429,-0.070039683,0.0375,1,3.33,1,3,1,2.67,-1,3
42,0.837256591,0.636363636,0.975,0,0.111111111,0.960769231,0.88,1,0,0,0.9,0.8,1,0,0,0.967561905,0.666666667,1,0,0.04,0.994047619,0.928571429,1,0,0,0.973333333,0.92,1,0.88,0.88,0.88,1,0,1,0,0,4,0.9396,0.16460273,0.026428571,-0.031101954,-0.011904762,1,3.67,1,1.67,1,2,-1,3
62,0.648703051,0.390243902,0.9,0,0.555555556,0.867692308,0.71,1,0,0,0.9,0.8,1,0,0,0.908152381,0.633333333,1,0,0.04,0.778769841,0,1,0.083333333,0.333333333,0.55,0.08,1,0.711666667,0.67,0.753333333,1,0,0,1,0,0,0.8118,-0.298456237,-0.011190476,-0.052816443,-0.386904762,1,1.67,0,-1,0,-1,-1,3
227,0.879250518,0.633333333,1,0,0.111111111,0.876153846,0.58,1,0,0.153846154,0,0,0,1,1,0.892873016,0,1,0.04,0.08,0.979166667,0.75,1,0,0,1,1,1,0.896666667,0.84,0.953333333,1,0,0,0,3,0,0.8908,0.095573025,-0.125952381,0.166394485,0.041666667,1,3.67,0,-1,0,-1,-1,3
397,0.860807428,0.606060606,1,0,0.111111111,0.992307692,0.93,1,0,0,0.9,0.8,1,0,0,0.982222222,0.8,1,0,0,1,1,1,0,0,0.95,0.85,1,0.906666667,0.88,0.933333333,1,0,0,0,2,0,0.9633,0.122418316,0.011190476,-0.021011396,0,1,3.67,1,3,0,-1,-1,3
348,0.625960909,0.43902439,0.775,0,0.777777778,0.52,0,1,0.307692308,0.538461538,0.2,0,0.4,0.5,1,0.690984127,0,1,0.24,0.32,0.798611111,0,1,0.166666667,0.166666667,0.083333333,0,0.25,0.566666667,0.56,0.573333333,1,0,0,0,0,2,0.5429,-0.127182875,-0.436428571,-0.219485144,-0.319444444,0,-1,0,-1,0,-1,-1,3
55,0.740503629,0.533333333,0.869565217,0,0.222222222,0.771538462,0.29,1,0,0.230769231,0.7,0.4,1,0,0.5,0.895638095,0.3,1,0,0.12,0.988095238,0.928571429,1,0,0,0.863333333,0.69,1,0.746666667,0.74,0.753333333,1,0,0,0,1,4,0.804,0.116059636,0.018809524,0.016909849,-0.023809524,0,-1,0,-1,0,-1,-1,3
88,0.904869747,0.733333333,1,0,0,0.726923077,0,1,0.076923077,0.384615385,0.4,0,0.8,0.5,0.5,0.956761905,0.6,1,0,0.04,0.954236111,0.75,1,0,0,0.986666667,0.96,1,0.886666667,0.88,0.893333333,1,0,0,0,1,0,0.8306,0.04163875,0.002619048,0.013705739,-0.047361111,0,-1,0,-1,0,-1,-1,3
314,0.548896362,0.292682927,0.75,0,0.777777778,0.826923077,0.56,1,0,0.076923077,0.6,0.6,0.6,0,1,0.852292063,0.3,1,0,0.12,0.793650794,0,1,0.166666667,0.166666667,0.306666667,0.15,0.59,0.611666667,0.573333333,0.65,1,0,1,0,0,2,0.7376,-0.149675699,-0.127380952,-0.139226699,-0.051587302,0,-1,0,-1,0,-1,-1,3
113,0.728725741,0.58974359,0.882352941,0,0.444444444,0.67,0,1,0.076923077,0.461538462,0.8,0.8,0.8,0,0,0.934393651,0.4,1,0,0.04,0.986111111,0.833333333,1,0,0,0.693333333,0.16,1,0.751666667,0.75,0.753333333,1,0,1,0,0,3,0.7508,0.012574093,-0.355952381,-0.02785816,-0.027777778,1,0,0,-1,0,-1,-1,3
330,0.451942668,0.102564103,0.85,0,0.777777778,0.763846154,0,1,0.076923077,0.153846154,0.6,0.4,0.8,0,0.5,0.76278254,0,1,0.04,0.2,0.639136905,0,1,0.25,0.416666667,0.306666667,0.04,0.83,0.675,0.51,0.84,1,0,0,1,0,0,0.6767,-0.409693168,-0.1,-0.151254324,-0.15922619,0,-1,0,-1,0,-1,-1,3
301,0.62586073,0.454545455,0.823529412,0,0.666666667,0.473076923,0,0.95,0.384615385,0.538461538,0.4,0.2,0.6,0,1,0.64967619,0,1,0.16,0.4,0.384920635,0,1,0.583333333,0.583333333,0.606666667,0.17,0.95,0.703333333,0.68,0.726666667,1,0,1,0,1,2,0.5696,0.052712044,-0.767142857,-0.248156288,0.130952381,0,-1,0,-1,0,-1,-1,3
127,0.699327071,0.56097561,0.95,0,0.666666667,0.9,0.75,1,0,0,0.8,0.6,1,0,0.5,0.976653968,0.76,1,0,0,0.988095238,0.857142857,1,0,0,0.416666667,0.13,0.95,0.751666667,0.69,0.813333333,1,0,0,0,0,2,0.8391,-0.176019437,-0.120714286,0.001270859,-0.023809524,0,-1,0,-1,0,-1,-1,3
161,0.586575603,0.268292683,0.925,0,0.888888889,0.89,0.63,1,0,0.153846154,0.8,0.6,1,0,0.5,0.78907619,0.333333333,1,0,0.32,0.822916667,0,1,0.166666667,0.166666667,0.646666667,0.48,0.87,0.668333333,0.606666667,0.73,1,0,0,0,1,0,0.7996,-0.231722272,-0.074285714,-0.127611416,-0.3125,0,-1,0,-1,0,-1,-1,3
229,0.604751818,0.317073171,0.823529412,0,0.777777778,0.882307692,0.42,1,0,0.076923077,1,1,1,0,0,0.92032381,0.64,1,0,0.04,0.820535714,0,1,0.083333333,0.25,0.393333333,0.1,0.95,0.708333333,0.65,0.766666667,0,1,0,0,0,0,0.7975,-0.145464827,-0.118809524,0.025196378,0.049404762,0,-1,0,-1,0,-1,-1,3
36,0.751004083,0.609756098,0.8875,0,0.444444444,0.900769231,0.78,1,0,0,0.9,0.8,1,0,0,0.952222222,0.6,1,0,0.04,0.880952381,0.5,1,0,0.25,0.763333333,0.39,1,0.743333333,0.62,0.866666667,1,0,0,1,0,0,0.8701,-0.10293132,-0.088095238,0.041132479,-0.238095238,1,1.33,0,-1,0,-1,-1,3
359,0.765684568,0.515151515,0.923076923,0,0.222222222,0.904615385,0.67,1,0,0.076923077,0.6,0.4,0.8,0,0.5,0.915549206,0.55,1,0,0.04,0.083333333,0,1,0.916666667,0.916666667,0.703333333,0.48,1,0.735,0.71,0.76,1,0,0,1,0,0,0.8368,0.066974769,-0.00547619,-0.073527676,-0.166666667,1,0,0,-1,0,-1,-1,3
181,0.619955349,0.43902439,0.8,0,0.666666667,0.886923077,0.62,1,0,0.076923077,0.7,0.6,0.8,0,0.5,0.957126984,0.8,1,0,0,0.969047619,0.75,1,0,0,0.526666667,0.15,1,0.751666667,0.75,0.753333333,1,0,0,0,0,0,0.8278,-0.034111161,-0.087142857,-0.022163716,-0.045238095,0,-1,0,-1,0,-1,-1,3
345,0.944933627,0.847826087,1,0,0,0.97,0.85,1,0,0,1,1,1,0,0,0.977309524,0.8,1,0,0,0.991666667,0.9,1,0,0,0.936666667,0.92,0.95,0.936666667,0.913333333,0.96,1,0,0,0,4,0,0.9634,-0.081626613,-0.043333333,-0.003773657,0.016666667,0,-1,0,-1,0,-1,-1,3
102,0.438991936,0,0.85,0.111111111,0.777777778,0.427692308,0,1,0.461538462,0.615384615,0.4,0,0.8,0.5,0.5,0.888225397,0,1,0.04,0.08,0.90530754,0.778333333,1,0,0,0.483333333,0.06,0.96,0.488333333,0.486666667,0.49,1,0,0,0,0,0,0.5379,-0.33559702,-0.419761905,-0.097993997,-0.059107143,0,-1,0,-1,0,-1,-1,3
162,0.763334608,0.566666667,0.925,0,0.222222222,0.953846154,0.8,1,0,0,0.9,0.8,1,0,0,0.957222222,0.766666667,1,0,0,0.775892857,0,1,0.166666667,0.166666667,0.813333333,0.44,1,0.856666667,0.82,0.893333333,1,0,1,0,3,3,0.9094,0.077870514,-0.028809524,-0.027815934,0.293452381,1,3.33,0,-1,0,-1,-1,3
84,0.54443083,0.268292683,0.735294118,0,0.888888889,0.856923077,0.59,1,0,0.153846154,0.8,0.8,0.8,0,0,0.95608254,0.6,1,0,0.04,0.962797619,0.75,1,0,0,0.46,0.1,0.98,0.678333333,0.626666667,0.73,0,1,0,0,1,4,0.791,-0.078867532,-0.096428571,0.010306268,-0.032738095,0,-1,0,-1,0,-1,-1,3
180,0.944808727,0.866666667,1,0,0,0.946923077,0.78,1,0,0,1,1,1,0,0,0.950961905,0.566666667,1,0,0.04,0.975198413,0.857142857,1,0,0,0.9,0.7,1,0.943333333,0.92,0.966666667,0,0,1,0,4,6,0.9479,-0.019180364,-0.080952381,-0.081710928,-0.049603175,0,-1,0,-1,0,-1,-1,3
374,0.562889251,0.268292683,0.739130435,0,0.888888889,0.732307692,0.3,1,0,0.307692308,0.9,0.8,1,0,0,0.932253968,0.6,1,0,0.08,0.822420635,0,1,0.083333333,0.25,0.346666667,0.06,0.78,0.513333333,0.5,0.526666667,1,0,0,0,2,2,0.7044,-0.104956403,-0.301428571,-0.006827432,-0.35515873,0,-1,0,-1,0,-1,-1,3
155,0.836205202,0.717948718,0.939393939,0,0,0.813846154,0,1,0.076923077,0.153846154,0.9,0.8,1,0,0,0.966761905,0.714285714,1,0,0,0.989880952,0.928571429,1,0,0,0.766666667,0.57,0.93,0.821666667,0.79,0.853333333,0,1,1,0,4,6,0.849,-0.082014232,-0.285714286,-0.021932234,-0.003571429,0,-1,0,-1,0,-1,-1,3
244,0.796222692,0.585365854,0.909090909,0,0.111111111,0.730769231,0,1,0.076923077,0.307692308,0.5,0,1,0.5,0.5,0.756107937,0,1,0.04,0.36,0.666666667,0,1,0.333333333,0.333333333,0.876666667,0.76,0.95,0.761666667,0.753333333,0.77,1,0,0,0,1,2,0.7705,-0.059033703,-0.202619048,-0.272506105,0,0,-1,0,-1,0,-1,-1,3
231,0.719432086,0.536585366,0.85,0,0.333333333,0.773846154,0,0.95,0.076923077,0.153846154,0.8,0.6,1,0,0.5,0.927628571,0.6,1,0,0.08,0.944444444,0.583333333,1,0,0.083333333,0.75,0.45,1,0.735,0.71,0.76,1,0,0,1,0,0,0.7978,-0.118911497,0.107380952,-0.049125458,-0.027777778,1,2.33,1,2,1,1.67,-1,3
41,0.596744156,0.317073171,0.85,0,0.777777778,0.759230769,0.2,1,0,0.230769231,0.8,0.8,0.8,0,0,0.90248254,0.1,1,0,0.08,0.935019841,0.5,1,0,0.083333333,0.5,0.22,0.98,0.586666667,0.573333333,0.6,1,0,0,1,0,0,0.7366,-0.272873778,-0.379285714,-0.104107652,0.036706349,0,-1,0,-1,0,-1,-1,3
356,0.903358878,0.787878788,1,0,0,0.927692308,0.77,1,0,0,0.9,0.8,1,0,0,0.986095238,0.85,1,0,0,0.986180556,0.916666667,1,0,0,0.99,0.97,1,0.891666667,0.85,0.933333333,1,0,1,0,0,3,0.9387,0.03198261,-0.029761905,-0.021336996,-0.000138889,1,3.67,1,2.67,0,-1,-1,3
380,0.779594154,0.666666667,0.902439024,0,0.222222222,0.912307692,0.65,1,0,0.076923077,0.8,0.8,0.8,0,0,0.953453968,0.7,1,0,0,0.989464286,0.928571429,1,0,0,0.716666667,0.39,0.96,0.761666667,0.75,0.773333333,1,0,1,0,2,2,0.8807,0.059688451,-0.10952381,0.013834961,-0.021071429,1,2,0,-1,0,-1,-1,3
79,0.946485525,0.891304348,1,0,0,0.962307692,0.87,1,0,0,0.7,0.6,0.8,0,0.5,0.948492063,0.7,1,0,0,0.709821429,0,1,0.25,0.25,0.983333333,0.95,1,0.84,0.78,0.9,1,0,1,0,2,1,0.943,-0.030527889,0.023571429,-0.035574379,0.12797619,1,3.33,1,4,0,-1,-1,3
6,0.6491579,0.484848485,0.775,0,0.555555556,0.648461538,0,1,0.153846154,0.384615385,0,0,0,1,1,0.879587302,0,1,0.04,0.04,0.743055556,0,1,0.25,0.25,0.336666667,0.06,0.7,0.671666667,0.61,0.733333333,1,0,0,0,2,2,0.6722,-0.011299805,-0.195238095,-0.124944037,0.152777778,0,-1,0,-1,0,-1,-1,3
77,0.86741523,0.696969697,1,0,0.111111111,0.851538462,0.45,1,0,0.153846154,1,1,1,0,0,0.992571429,0.880952381,1,0,0,0.882291667,0,1,0.083333333,0.083333333,0.99,0.97,1,0.901666667,0.87,0.933333333,1,0,0,1,2,0,0.8964,0.058194963,-0.21952381,0.003601954,-0.18125,1,1,0,-1,0,-1,-1,3
263,0.798461338,0.585365854,0.95,0,0.222222222,0.910769231,0.73,1,0,0,0.8,0.8,0.8,0,0,0.922133333,0,1,0.04,0.08,0.875,0,1,0.083333333,0.166666667,0.936666667,0.85,1,0.803333333,0.78,0.826666667,1,0,0,0,0,2,0.8916,-0.070801561,-0.106666667,-0.117350427,0.083333333,0,-1,0,-1,0,-1,-1,3
366,0.750166821,0.564102564,0.96969697,0,0.333333333,0.813846154,0.17,1,0,0.153846154,0.6,0.4,0.8,0,0.5,0.976809524,0.8,1,0,0,0.969166667,0.791666667,1,0,0,0.86,0.58,1,0.763333333,0.72,0.806666667,1,0,1,0,0,3,0.8408,-0.036914092,-0.087619048,-0.020840965,-0.045,1,2.67,1,0.67,0,-1,-1,3
152,0.637155001,0.512195122,0.794117647,0,0.777777778,0.856923077,0.6,1,0,0.076923077,0.9,0.8,1,0,0,0.909,0.5,1,0,0.04,0.98125,0.875,1,0,0,0.416666667,0.12,0.93,0.775,0.76,0.79,1,0,0,1,0,0,0.8003,-0.022674643,-0.142857143,-0.079693223,0.0375,0,-1,0,-1,0,-1,-1,3
108,0.498733457,0.239130435,0.75,0,0.777777778,0.313846154,0,1,0.538461538,0.692307692,7.5,0.2,14.8,0,0.5,0.847295238,0,1,0.08,0.16,0.827380952,0,1,0.166666667,0.166666667,0.296666667,0,0.77,0.255,0,0.51,1,0,0,0,0,2,0.4875,-0.3061786,-0.551904762,-0.145261498,-0.345238095,0,-1,0,-1,0,-1,-1,3
33,0.788302846,0.606060606,0.853658537,0,0.111111111,0.673846154,0,1,0.153846154,0.461538462,0.9,0.8,1,0,0,0.939539683,0.6,1,0,0.04,0.916666667,0,1,0.083333333,0.083333333,0.78,0.34,1,0.721666667,0.653333333,0.79,1,0,0,1,0,0,0.7638,0.031555734,-0.459047619,0.004535511,-0.166666667,1,0,0,-1,0,-1,-1,3
117,0.692493187,0.341463415,0.891304348,0,0.444444444,0.580769231,0,1,0.153846154,0.384615385,0.8,0.6,1,0,0.5,0.907428571,0,1,0.08,0.08,0.963789683,0.833333333,1,0,0,0.543333333,0.12,0.93,0.626666667,0.62,0.633333333,1,0,1,0,0,2,0.6732,-0.122030704,-0.747380952,-0.185225885,-0.030753968,0,-1,0,-1,0,-1,-1,3
266,0.692255953,0.414634146,0.826086957,0,0.555555556,0.423076923,0,1,0.384615385,0.692307692,0.5,0.2,0.8,0,0.5,0.814380952,0,1,0.04,0.2,0.881944444,0,1,0.083333333,0.166666667,0.573333333,0.09,0.85,0.756666667,0.733333333,0.78,1,0,0,1,0,0,0.5877,-0.050813143,-0.45452381,-0.17493895,-0.236111111,0,-1,0,-1,0,-1,-1,3
134,0.934567261,0.848484848,1,0,0,0.983846154,0.92,1,0,0,0.5,0,1,0.5,0.5,0.9818,0.9,1,0,0,1,1,1,0,0,1,1,1,0.938333333,0.926666667,0.95,0,0,1,0,0,5,0.9727,0.041579812,0.020714286,-0.009070513,0,1,4,1,3.67,0,-1,-1,3